cedula_deL_owner,Nombre,Apellido,Address,Telefono
06827041,Michael,Massei,Calle 123,282-243-6106
17656788,Lauren,Tures,Avenida B,359-955-1377
51749507,David,Bucknall,Calle Principal,365-025-7710
94471764,Matthew,Martyntsev,Calle Principal,013-021-7741
99933040,Sarah,Rama,Calle 123,551-465-7803
88141791,Lauren,Breinl,Avenida B,667-308-5661
19104251,Sarah,Findlow,Calle Principal,620-161-9835
96798805,David,Lomax,Avenida B,362-248-8802
29818041,Daniel,Frodsam,Calle A,120-838-4602
17273539,Rachel,Arnow,Calle A,957-224-7143
51293757,Michael,Hance,Avenida B,776-248-3518
41079890,David,McConigal,Avenida Central,109-047-7999
99938211,Michael,Kells,Calle A,327-881-0229
94833429,Rachel,Ebunoluwa,Calle Principal,722-464-5291
67297075,Emily,Antonazzi,Avenida B,436-388-5611
37053195,Rachel,Meany,Avenida Central,331-969-4584
58602876,Sarah,Linnemann,Avenida Central,047-152-2504
84582143,Matthew,Duley,Avenida B,412-757-1321
86405918,Rachel,Loughlin,Calle Principal,183-225-5567
37392337,David,Parsons,Calle A,673-598-3894
85084225,Michael,Alexandrescu,Calle Principal,730-541-2604
48709362,Sarah,Biagini,Calle 123,613-130-5592
67941549,Matthew,Peerman,Calle 123,641-191-5179
71799599,John,Worden,Calle Principal,372-611-6206
98414364,Emily,Kearns,Calle 123,659-145-5319
84676096,Rachel,McKeowon,Calle A,745-453-3645
78852990,John,Alliberton,Avenida Central,917-230-8172
37437845,Jessica,Lernihan,Avenida Central,368-602-0414
13717748,Jessica,Peek,Calle A,075-884-5718
64671220,Michael,Westwell,Avenida Central,208-970-5721
22306671,Matthew,Sambiedge,Calle A,743-395-4263
61361043,John,Fallawe,Avenida B,899-291-8837
00154132,Daniel,Palumbo,Avenida B,263-566-0779
62747167,Emily,Pancoust,Calle 123,422-878-7354
41584415,Daniel,Vasiljevic,Avenida B,976-831-1878
78003009,Lauren,Petyt,Calle A,856-109-6356
43111436,Rachel,Jandac,Calle Principal,601-082-9487
93901935,Emily,Wooder,Calle A,668-313-3211
29010158,Rachel,Hawken,Calle A,251-528-5900
59384090,David,Mabbitt,Avenida Central,130-837-6571
95345506,Emily,Grise,Avenida Central,860-203-9077
92712537,John,Andreone,Calle 123,880-543-6962
19434720,David,Palia,Calle Principal,500-380-4451
94073149,John,Ewbanks,Avenida Central,411-593-6089
81914442,Emily,Notton,Avenida Central,332-654-0331
34702658,Daniel,Starbucke,Avenida Central,216-226-0658
25387041,Rachel,Brisley,Calle Principal,359-767-7884
63176362,David,Persian,Avenida Central,505-851-8771
35060717,John,Enevoldsen,Avenida Central,919-209-0913
27000118,Sarah,Janeczek,Avenida Central,557-633-2974
40716239,Michael,Brierley,Calle A,487-125-6360
49782659,Jessica,Canham,Calle Principal,269-092-0270
70242254,Lauren,Whiting,Avenida Central,089-482-6940
48639892,John,Bilborough,Calle 123,226-655-4631
47707055,Daniel,Bowller,Calle 123,425-199-8488
46295515,Rachel,Rotge,Calle Principal,780-978-4811
55786919,Matthew,Gridon,Avenida B,372-972-1027
29060648,John,Parris,Avenida B,385-209-2481
82574389,Daniel,Beumant,Calle Principal,289-359-6337
61204439,David,Plum,Calle 123,854-618-2164
64443201,Sarah,Castle,Avenida B,407-452-8147
09076798,David,Kikke,Avenida B,988-106-9152
34505082,Sarah,Vinnicombe,Calle 123,557-775-9328
73457150,Jessica,Borrows,Calle Principal,718-214-8947
76892170,Matthew,Bolt,Calle A,463-426-8956
49706084,Sarah,Dolohunty,Calle Principal,138-746-3291
62229215,Michael,Tollerton,Calle 123,983-742-4490
58407388,Daniel,Fay,Calle Principal,132-144-3774
34996225,Emily,Sansome,Calle 123,886-259-7110
84801243,David,Dockrell,Calle A,143-012-1735
30789508,Rachel,Narducci,Calle Principal,906-571-1943
45200304,Matthew,Errol,Avenida B,901-176-5341
38562275,Lauren,Rome,Avenida B,373-964-7248
64287939,Michael,Klagges,Avenida B,245-435-9039
62926652,Lauren,Sumner,Calle A,320-278-9106
21015728,Rachel,Niaves,Avenida Central,078-015-3256
96086184,Jessica,Wallice,Calle Principal,167-349-4311
64528317,Emily,Burndred,Avenida B,582-270-7922
63533341,Sarah,Gammell,Avenida Central,055-430-5661
98519808,Matthew,Neenan,Calle A,324-475-3517
32310663,Sarah,Sokale,Calle Principal,009-265-9155
21427302,John,Clee,Calle Principal,325-413-3544
57998899,Lauren,Haggerty,Calle Principal,810-449-3822
67114985,Jessica,Jolland,Avenida B,882-720-6614
11307963,Michael,Batch,Calle 123,579-496-6252
50166843,Emily,Saile,Avenida B,767-962-2729
93567183,Daniel,Haythornthwaite,Calle Principal,444-906-8221
41617390,John,Peaker,Calle A,820-942-2711
01423685,Sarah,Bellfield,Avenida Central,933-259-2764
30244918,Matthew,Boase,Calle Principal,377-137-4494
98958766,John,Gonnin,Avenida B,941-716-9084
28679545,Matthew,Moulsdall,Calle 123,456-954-7205
58139490,Sarah,Chamley,Avenida Central,976-584-7058
00734626,Daniel,Merigeau,Calle 123,077-587-7921
14976175,John,Stainson,Avenida B,360-558-2904
40970099,Emily,Barnish,Avenida B,732-939-6180
61133506,Jessica,Rowatt,Calle 123,786-730-2678
64382580,Rachel,Playle,Calle 123,284-889-6053
43720351,Jessica,Dawkins,Calle 123,163-010-8503
81559572,Michael,Lugden,Avenida B,326-205-3070
34853116,John,Ashford,Calle A,392-905-7428
24263500,Rachel,Gladwish,Calle A,357-247-6971
63575991,Emily,Brugemann,Avenida B,596-547-7685
53855503,David,Deeks,Avenida Central,148-744-7506
57824676,John,Gobeau,Avenida B,413-566-7541
58953043,Michael,Symones,Avenida Central,546-070-8283
45535126,Michael,Madle,Calle Principal,534-912-8387
19206329,Emily,Gaiger,Avenida B,731-487-3451
26995225,Rachel,Millership,Avenida B,737-473-5105
38689651,Lauren,Broomhall,Calle Principal,517-406-9029
77916600,Rachel,McNiff,Calle 123,753-228-8587
64625018,Michael,Teek,Calle A,460-880-4763
00890352,Rachel,Vittori,Avenida B,797-451-6250
16230044,Jessica,Piel,Avenida B,486-564-3673
01738115,Lauren,Andersch,Calle Principal,441-241-4335
61945277,Lauren,Baudinet,Avenida Central,082-755-4064
21482819,Emily,Atchly,Calle Principal,937-337-5377
74317173,David,Rummery,Avenida B,440-191-5599
96616602,David,Bickell,Avenida Central,765-271-2680
00283043,Rachel,Verna,Calle A,905-999-3873
52645201,Jessica,Hawtin,Calle A,829-094-9504
55736705,Lauren,Sprakes,Calle Principal,389-759-8174
60123762,Sarah,Proback,Calle 123,684-352-9876
39409770,Michael,Swepstone,Calle 123,421-835-0453
55902757,Sarah,Eskriett,Calle 123,786-206-5713
59790758,Matthew,Causley,Calle Principal,313-589-6270
37936939,Sarah,Hebburn,Avenida B,928-769-9023
75801257,Daniel,Fain,Calle 123,264-951-0845
13253984,Daniel,Tripney,Calle Principal,564-972-7053
72845368,Lauren,Pinke,Calle A,587-067-6593
03638810,Lauren,Karlsson,Calle 123,256-367-4263
66882102,Matthew,Lamberto,Calle 123,464-538-4250
66833596,Rachel,O'Crotty,Calle Principal,777-648-6368
79214589,Rachel,Biagioni,Calle 123,608-907-1151
57549806,Sarah,Waggitt,Calle Principal,066-041-5396
75234675,Michael,Coule,Calle 123,639-809-2497
22010830,Rachel,Corriea,Avenida B,379-607-3733
12399452,Jessica,Fittes,Calle 123,878-227-7127
87250131,Sarah,O'Gormley,Calle A,216-108-8218
35910621,Lauren,Tuck,Calle A,625-850-5422
47039291,Rachel,Chmarny,Avenida Central,854-833-1781
15036699,Emily,Brixey,Calle 123,118-319-4472
66614741,Sarah,Ygo,Calle A,493-936-0805
32833179,Daniel,Troak,Calle Principal,037-995-4566
89741098,Jessica,Mullins,Calle A,298-950-8528
94909807,Matthew,Spacy,Avenida Central,430-203-5732
88525923,Rachel,Beebe,Avenida B,820-845-5428
19292120,Emily,McCarty,Avenida Central,655-013-7771
19389420,Matthew,Trehearne,Calle Principal,148-452-4688
33332260,Sarah,De Vaux,Calle A,190-373-6968
84461860,John,Morde,Avenida B,129-049-0678
35630205,Emily,Keneleyside,Calle 123,695-580-9074
54681248,Daniel,Davidovici,Calle Principal,651-531-6783
63586443,Michael,MacRinn,Avenida Central,031-163-0395
41912172,David,Morais,Avenida Central,556-790-8032
91373097,Sarah,Hospital,Avenida B,491-872-2801
89347598,Rachel,Feveryear,Calle 123,784-438-4736
75781863,Daniel,MacAvaddy,Avenida B,445-990-5380
20554871,Daniel,Kersey,Calle 123,361-955-2309
01567300,Sarah,Olennikov,Avenida B,500-220-0405
25924686,Rachel,Anderer,Avenida Central,776-988-2845
59587491,Michael,Giacoppo,Calle Principal,924-590-4732
90361395,Sarah,Pennaman,Avenida Central,663-579-3062
74435558,Jessica,Taillard,Calle 123,617-348-8484
82961033,Emily,Brophy,Calle A,309-366-7696
82874578,Lauren,Tale,Avenida B,526-123-4781
80769935,Lauren,Bowley,Calle A,735-540-7102
67147099,Emily,Brooks,Calle A,244-674-4563
15575616,John,Sarrell,Calle 123,943-630-1148
40733176,Rachel,Ethelston,Avenida Central,052-536-3713
49060176,John,Peron,Calle Principal,240-474-9441
84309248,Sarah,Ferraresi,Avenida B,839-377-3144
27778678,David,Loffhead,Calle Principal,811-928-3407
34761976,Daniel,Degue,Calle A,118-529-3445
81504664,Lauren,Vardie,Calle Principal,727-062-0229
75684413,Michael,Pieracci,Calle 123,485-157-5309
79285311,Sarah,Jendrich,Avenida B,834-472-0720
47070004,Matthew,Patel,Calle A,442-426-7091
60391659,Emily,Gages,Calle 123,594-225-9254
04587613,Daniel,Whistlecroft,Avenida Central,773-287-8695
34498779,Daniel,Skull,Avenida Central,860-338-9836
52373488,Rachel,Seager,Calle Principal,265-950-9041
08836781,Daniel,Munday,Calle Principal,915-161-6006
25673359,Sarah,Geraldo,Calle Principal,422-926-5771
29967055,Lauren,Farherty,Avenida B,930-196-1161
81918868,John,Domone,Avenida B,062-752-7551
86832466,Lauren,Strettell,Avenida B,218-515-2320
24122097,Michael,Hacard,Avenida B,345-617-4964
81677374,Michael,Tumbelty,Calle A,018-724-0841
65805444,Rachel,Chaudret,Avenida Central,704-255-0011
30148132,Sarah,Bassano,Calle Principal,387-302-7966
65659541,Emily,Bentson,Calle Principal,977-511-3921
94200009,Daniel,Kobes,Avenida Central,650-467-0112
87734481,Sarah,Petroff,Calle A,196-317-2896
59086809,Emily,Herley,Calle A,492-445-7109
83991890,Jessica,Fone,Avenida Central,780-226-1864
59495797,Lauren,Lauritzen,Calle Principal,024-648-4337
11540600,Rachel,Matthius,Avenida Central,793-095-6798
52638182,David,Febvre,Calle Principal,448-713-7832
50428553,Daniel,Bickley,Calle Principal,370-295-5440
44257591,Daniel,Peace,Calle Principal,238-206-3231
88351781,Matthew,Zanini,Avenida B,300-194-3065
30487698,Matthew,Thorby,Calle A,122-998-5982
74607875,Lauren,Djokic,Calle Principal,249-054-7608
62080158,Sarah,Janicijevic,Calle Principal,161-557-8128
57781487,Sarah,Whodcoat,Avenida B,982-141-2758
73822137,Matthew,Glasby,Calle Principal,385-544-9213
23241869,Emily,Shepton,Calle Principal,354-854-4979
52052482,John,Forbear,Avenida B,984-007-4175
79136171,Rachel,Cannop,Calle A,343-960-6700
89849008,Michael,Kimbly,Calle A,486-063-9054
55326968,Matthew,Jeannet,Calle Principal,846-419-5693
75809769,Rachel,Drohan,Avenida B,157-397-7766
71161705,Matthew,Wibrow,Calle A,587-516-5925
46345921,David,Radnedge,Calle Principal,818-073-4541
41422007,Rachel,Bimrose,Calle Principal,955-344-6361
66434314,Michael,Smythin,Calle A,357-939-3745
41095760,Daniel,Patterfield,Avenida B,114-935-0349
65723027,Jessica,Yeates,Calle Principal,046-158-2168
44610620,John,Veitch,Avenida B,840-483-0670
61250181,John,Kulvear,Avenida B,500-195-3907
79345642,David,Pietraszek,Calle 123,253-813-2362
17355184,Sarah,Winslett,Avenida Central,354-265-4176
62874952,Rachel,Medwell,Avenida B,978-547-1550
73091093,Daniel,Christy,Avenida B,940-891-1106
53418823,David,Durbridge,Avenida Central,020-828-1313
71472571,Michael,Lindman,Calle Principal,684-772-5820
62548014,Michael,Purveys,Calle 123,679-273-1944
14120489,Jessica,Forshaw,Calle Principal,430-659-6401
91938051,Jessica,Pennetti,Calle Principal,149-948-3634
98420448,Matthew,Bothe,Avenida B,367-677-8946
71953851,Rachel,McGiffie,Avenida Central,706-422-6858
77818970,Michael,Zorer,Calle Principal,318-230-9073
84766917,John,Mallaby,Calle A,471-799-4561
35152674,Michael,Ishak,Avenida Central,374-879-4390
14213464,Lauren,McLennan,Avenida B,513-935-7191
55756828,John,Bercevelo,Calle A,911-245-5409
34870312,Daniel,Grabbam,Calle Principal,905-966-9175
27725831,John,Lindenbluth,Calle 123,512-306-7526
08971825,Sarah,Moncreif,Calle Principal,420-011-1957
48540102,John,Eyre,Calle Principal,030-979-4208
56911157,Michael,Gerran,Avenida Central,586-431-1536
86554548,Matthew,Colyer,Calle Principal,795-618-1381
57988308,Matthew,Hartzog,Avenida Central,600-062-2088
59291266,Rachel,Chanders,Calle Principal,685-324-6053
21282395,Daniel,Mougenel,Calle Principal,270-655-2006
19337775,Rachel,Greaterex,Avenida B,786-951-4085
03029983,Matthew,Vigus,Calle A,046-328-2123
27858284,Lauren,Heffer,Avenida B,908-645-0343
53807400,Rachel,Kersey,Avenida B,265-594-9433
99865268,Jessica,Harries,Avenida Central,397-533-8772
52347988,David,McNeilly,Calle 123,447-471-0047
72052371,Emily,Bownass,Calle A,902-307-2490
97122886,Jessica,Dell,Avenida Central,191-915-5732
84759995,Rachel,Bazelle,Calle A,306-068-8894
30905755,Emily,Mollatt,Calle Principal,440-961-3109
55254502,Rachel,McIlhagga,Calle A,110-607-3534
45005235,Daniel,Clapshaw,Avenida Central,787-395-1597
59443004,John,Kingsworth,Calle 123,311-373-5826
67533509,David,Abazi,Avenida B,866-316-4237
97062643,Lauren,Curman,Calle A,800-009-7206
85892742,Emily,Lovemore,Calle Principal,527-186-4550
26813125,David,Serotsky,Calle 123,515-681-9730
21868357,Daniel,Frizzell,Avenida Central,819-988-9445
58682703,John,Mintoft,Calle Principal,926-695-3028
79484968,Jessica,Ollander,Calle A,568-065-4864
30194927,Jessica,Maylott,Calle Principal,804-091-5857
82552550,Michael,Marre,Calle Principal,092-408-5063
09565979,Lauren,Darington,Avenida Central,461-950-6574
69308217,Sarah,Avann,Calle Principal,524-081-1878
17836651,David,Simonite,Avenida Central,783-580-4347
19044168,Michael,Crampton,Calle 123,031-737-5893
24806090,Michael,Manneville,Calle 123,485-974-3319
35653576,Rachel,Takis,Avenida Central,619-421-9958
91102587,Daniel,Hachard,Avenida Central,973-468-8875
96259753,David,Lanphere,Avenida Central,343-674-9995
27685304,Jessica,Mattersley,Calle A,768-544-1151
51334692,Daniel,Iiannoni,Avenida B,354-269-6692
91700647,Sarah,Azam,Avenida B,703-017-8832
78887345,Michael,Izkovici,Calle Principal,854-623-1736
99855931,Michael,Saunton,Calle A,337-773-2370
97673321,Rachel,Jodlowski,Calle A,152-288-2943
55215551,Emily,Tailby,Avenida B,233-668-8265
03023380,Michael,Breeton,Calle Principal,349-223-3985
57759969,Sarah,Wolland,Calle A,088-537-1442
90412261,Jessica,Grealish,Calle A,800-020-7199
58205495,Sarah,Gomer,Avenida Central,135-478-2191
99827344,Michael,Davy,Calle 123,372-640-8993
99135624,John,Roake,Avenida B,147-614-3988
95496760,Emily,Lugsdin,Calle A,059-578-9796
48977534,David,Beedell,Avenida B,730-203-5423
95733303,Daniel,Chicchelli,Calle Principal,403-920-6632
11535714,Lauren,Cristofano,Avenida B,387-597-4342
75872908,Lauren,Tills,Calle Principal,572-703-4673
22239250,Rachel,Mewrcik,Avenida Central,236-138-2697
51236824,Jessica,Scotford,Calle Principal,187-873-3362
59470553,David,Cristofano,Avenida Central,028-384-2143
07028485,Jessica,Briers,Avenida Central,460-051-2074
18967124,Matthew,Lampbrecht,Calle Principal,133-079-4964
86618821,Jessica,Morphew,Calle Principal,718-011-7413
56343882,David,Yesenin,Avenida B,548-504-2822
52414623,David,Claus,Calle Principal,868-578-8847
50505773,Rachel,Redford,Avenida Central,920-552-7935
12718693,Jessica,Telega,Calle 123,016-708-9047
98256620,Michael,Heustice,Avenida Central,162-792-5918
82375374,Matthew,Windram,Calle Principal,676-153-6835
68381131,Daniel,MacMearty,Avenida B,770-467-2484
67003451,Emily,Halt,Calle A,706-254-9603
78957264,John,McGeever,Calle Principal,607-265-2566
31500029,Rachel,Luna,Avenida B,558-214-5001
94674032,Rachel,Ciementini,Calle 123,338-267-8209
73850614,Jessica,Shellshear,Calle A,911-501-2704
64868879,David,Guarnier,Calle 123,612-553-0781
07110721,Matthew,Lethby,Avenida Central,573-780-9495
95141787,Matthew,Cowley,Avenida B,138-168-1331
00650231,John,Pretor,Calle A,670-020-8341
60798670,Michael,Huntley,Avenida B,085-409-3903
71951444,Michael,Dinwoodie,Calle A,273-935-1761
02897322,Sarah,Keppel,Calle 123,733-861-8637
23936951,Lauren,Fibben,Calle A,690-359-6063
59276665,Daniel,Claisse,Calle 123,788-669-6554
36331449,Emily,Gudyer,Calle Principal,741-129-3440
76225117,Lauren,Rodnight,Calle 123,902-074-0857
46760426,Emily,Roux,Avenida Central,270-699-1356
84393259,Emily,Cockrem,Avenida Central,347-409-4439
05121041,Emily,Di Carli,Calle 123,821-364-8191
49541496,Matthew,Krochmann,Calle A,408-629-9268
01387420,Lauren,Minocchi,Calle 123,258-226-5764
55263420,John,Reynoollds,Calle A,273-018-8426
03353613,Sarah,Jeacocke,Calle 123,282-600-7054
55589325,Daniel,Cressy,Avenida B,718-459-4431
76846015,Jessica,Delepine,Avenida B,762-625-8692
47215043,Michael,Soden,Calle A,252-806-3973
66580354,Sarah,Deards,Avenida Central,258-044-6569
53480291,Lauren,Cheales,Calle 123,837-406-7977
05902234,Michael,McAree,Calle Principal,988-582-6076
41099676,Emily,Siseland,Calle Principal,487-088-4139
69335441,Jessica,Fateley,Calle A,280-489-6092
59806828,Matthew,Taberer,Avenida B,014-044-9721
57116222,Rachel,Gallaher,Avenida B,110-064-6066
59490168,Jessica,Cornelleau,Calle Principal,274-799-6154
37063863,Rachel,Giovannacc@i,Calle 123,399-506-9792
66374788,Emily,Blunsden,Calle A,144-465-6712
67924849,Michael,Scallan,Calle Principal,690-991-0920
53705744,David,Doyle,Avenida Central,072-758-9848
53269160,Sarah,Newark,Calle Principal,404-560-1271
13045414,David,Hanselmann,Calle A,835-496-7631
54319367,Rachel,Bowles,Calle A,792-438-5658
98026620,John,Mickleborough,Avenida B,718-744-8498
19667897,Jessica,Garrie,Calle A,491-004-2230
02161157,David,Balharrie,Calle A,992-302-7647
71507055,Daniel,Lezemore,Calle A,466-371-2815
74200608,David,Boyer,Calle A,942-287-7757
04305167,David,Gumby,Calle Principal,573-919-6004
97349196,John,Howood,Avenida B,504-443-0506
51515351,Matthew,Liverock,Calle A,025-459-3792
04973518,Rachel,Benjafield,Calle 123,763-948-7185
82924686,Emily,Shord,Calle 123,608-456-2908
34557840,Lauren,Ianetti,Calle 123,401-835-3370
69755419,Jessica,Junes,Calle Principal,048-846-4749
85569384,Lauren,Pleavin,Calle 123,849-009-4640
32501742,Lauren,Heindl,Avenida B,053-906-2971
39967545,Matthew,Guiot,Calle 123,469-094-0194
41733685,Emily,Brame,Avenida Central,224-806-6263
56194762,Sarah,Kellett,Avenida Central,596-923-9949
33046131,David,Brownsey,Calle A,253-285-9866
30238872,Matthew,Propper,Calle Principal,651-646-9073
21583194,Sarah,Cough,Calle 123,967-992-3112
96118838,David,Coffey,Calle Principal,516-690-2477
39828401,Matthew,Longmate,Avenida Central,761-902-6557
33534937,John,Carnachen,Calle Principal,640-523-9439
02243671,John,Sargerson,Avenida Central,786-055-6530
14524450,Rachel,Vine,Calle 123,907-276-8983
78465381,David,Peace,Calle 123,747-934-7527
12591308,John,Risby,Calle 123,222-142-0760
09979757,David,Abramowitch,Calle 123,201-148-9808
12326569,Sarah,Sunman,Avenida Central,314-707-1185
49869262,Jessica,Adrain,Calle A,679-502-8979
92248359,Sarah,Edy,Calle A,568-448-2576
32011144,Lauren,Ackeroyd,Avenida B,882-135-7360
00530985,Daniel,McGourty,Calle A,959-148-8094
60464935,Matthew,Linham,Calle A,522-943-2617
37622552,Rachel,Guslon,Calle Principal,286-660-4150
72885189,Daniel,Albrooke,Avenida B,661-836-1066
08328343,Emily,Barta,Calle Principal,031-004-7450
38248881,David,Velasquez,Calle 123,562-041-8122
68953892,Sarah,Cavie,Avenida Central,734-926-2680
65857713,Emily,Dey,Calle Principal,231-988-7609
05045733,David,Gallemore,Avenida B,494-438-9917
18876872,Daniel,Hawkin,Avenida B,364-322-1622
51565833,Jessica,Beddingham,Calle 123,589-601-9719
37446033,Daniel,Supple,Avenida B,361-741-6500
85769344,Emily,Poller,Calle 123,385-791-0236
75252504,John,Nannizzi,Calle A,655-330-2779
71045205,Emily,Wilfinger,Calle Principal,309-869-2494
35419735,Lauren,Guiet,Avenida B,386-636-8885
85937839,Lauren,Izhak,Calle 123,427-866-7875
93161954,Matthew,Grishanov,Avenida B,606-040-5339
72607719,Emily,Figliovanni,Calle 123,600-454-6333
49427739,Rachel,Corbould,Avenida Central,862-963-1140
56873792,David,Waber,Calle Principal,717-295-0352
59732168,Emily,Graeber,Calle Principal,271-926-0672
75466748,Matthew,Duchesne,Calle A,901-009-2220
90767574,Rachel,Mangeney,Avenida Central,127-310-8892
77256840,Emily,Worthing,Calle A,880-139-3487
05880123,Lauren,Cretney,Calle Principal,194-003-3373
18050785,Sarah,Feria,Calle A,243-650-8588
84180144,Jessica,Culshaw,Calle 123,532-639-6935
07697782,Jessica,Wildber,Calle A,851-633-6829
38977153,Matthew,Birtles,Calle A,387-157-3607
26458529,Emily,Mansion,Calle A,782-934-7420
16562874,Rachel,Greensall,Avenida Central,354-987-7822
32216393,Sarah,McDaid,Calle A,455-890-8375
97123451,Emily,Coaten,Calle Principal,739-179-3187
02643389,Lauren,Busek,Calle 123,771-876-3978
04106756,Michael,Humberstone,Calle Principal,850-510-9550
87110241,Sarah,Balchin,Avenida B,096-773-4986
19132248,Daniel,Fitzsimmons,Calle Principal,306-334-7818
95905518,Sarah,Perulli,Avenida Central,469-220-7365
33038486,Daniel,Le Guin,Avenida B,093-478-7046
55213402,Lauren,Twist,Calle A,967-773-8863
02072619,Lauren,Dearlove,Avenida Central,142-586-3973
46518457,John,Kopisch,Calle 123,351-953-5499
22896407,Sarah,Pettiford,Calle 123,840-907-9158
56913996,Emily,Perigo,Calle A,842-582-8755
88903068,Lauren,Storcke,Calle Principal,226-041-6938
78426581,Jessica,Molyneux,Calle Principal,642-686-2673
87724458,Emily,Blenkinsop,Avenida B,690-854-5090
27818054,Michael,Speere,Avenida B,335-544-3005
13433891,Daniel,Skeermor,Calle Principal,584-536-0029
82773480,Matthew,Kissick,Calle 123,463-840-6697
42046318,Jessica,Gayle,Calle A,512-071-4520
01595171,Daniel,Buddle,Calle Principal,647-113-6552
10241063,Sarah,Phlipon,Calle A,860-883-6112
78598992,Michael,Radband,Calle 123,295-949-7423
22189051,John,MacSweeney,Avenida B,867-496-7722
03229453,Sarah,Juppe,Avenida Central,100-422-9656
72851830,David,Crook,Calle 123,679-255-6482
21391915,Jessica,Wandrack,Calle A,282-503-6436
83308313,David,Craigie,Avenida B,587-652-0332
03585146,Daniel,De Freyne,Avenida Central,069-894-6672
06443067,Matthew,Stobbs,Calle A,241-672-5290
41627194,Emily,Seggie,Calle 123,468-716-4805
77403901,Michael,Bansal,Avenida Central,970-945-5702
26440273,Michael,Sone,Avenida Central,816-526-2228
03845189,Rachel,Bosma,Calle A,833-607-7665
91991441,Daniel,Medeway,Calle A,719-188-3365
77554037,Daniel,Brambley,Calle Principal,876-315-5848
87799798,Rachel,Doni,Calle Principal,586-076-0917
77107620,Daniel,Walles,Avenida Central,654-289-4185
51061523,Michael,M'Barron,Avenida B,776-402-1327
04441078,Sarah,Murphey,Avenida B,186-177-4224
08254329,John,Struther,Calle 123,121-520-6858
83825601,Sarah,Westwick,Calle A,651-472-4940
66232417,Sarah,Burril,Calle Principal,842-201-7751
19838612,Emily,Scudamore,Avenida Central,313-970-0117
40228415,Daniel,Ashley,Avenida Central,856-890-9079
45621554,Emily,Stovin,Calle Principal,970-975-0272
09157967,Matthew,Tillard,Avenida B,602-023-2547
82114679,Rachel,Spurier,Avenida B,233-284-9938
95397945,Emily,Simmers,Calle 123,188-337-6069
04191869,Jessica,Gunson,Calle 123,246-851-1339
48065769,John,Craig,Calle Principal,853-630-2808
92675366,Matthew,Facher,Calle 123,056-300-6399
23883201,John,Rantoul,Avenida B,232-391-9440
63879191,Michael,Sharrem,Avenida Central,073-937-8943
34209350,Lauren,Lamkin,Avenida B,033-081-9965
01993715,John,Millgate,Calle Principal,104-537-4643
74984016,Matthew,Moncreiffe,Calle 123,989-969-0851
29719837,Jessica,Lowson,Avenida Central,564-118-9460
72737700,Jessica,Bennetts,Avenida Central,915-279-1520
41203336,Lauren,Gordon-Giles,Calle A,993-039-4447
15710020,David,McGeraghty,Avenida B,176-941-0990
56445269,David,Maiklem,Avenida B,740-366-6103
59554163,Matthew,Ducker,Calle A,700-592-8056
17029100,Emily,Vernalls,Calle A,526-594-0839
93999039,John,Sommerlin,Calle A,994-113-3094
63294545,Rachel,Timby,Calle 123,276-382-4401
03496016,David,Sunley,Avenida B,575-720-2173
34628399,David,McPeck,Calle 123,688-179-7630
34056371,Lauren,Josland,Calle Principal,000-678-8956
29962711,Emily,Cowill,Avenida B,637-481-4541
41268002,Rachel,Cartner,Avenida B,643-593-6986
01920008,Daniel,Andree,Calle Principal,920-787-7799
37391360,Jessica,Duggary,Avenida B,455-019-4864
93788371,Rachel,Joddins,Calle 123,486-511-9922
93570499,David,Pigram,Calle Principal,856-153-3881
54333969,Emily,Dyball,Calle Principal,065-140-0028
41768219,Lauren,Gladwell,Avenida B,198-776-2339
23839136,Emily,Lundie,Avenida Central,793-500-4223
20612251,David,Vynoll,Avenida B,740-932-1161
88175325,Emily,Bee,Avenida Central,714-139-6379
91080280,Rachel,O'Mara,Calle Principal,405-301-2253
37467583,Emily,Antoinet,Calle Principal,276-024-7049
53471978,Emily,Conti,Calle Principal,859-457-6195
03838115,Sarah,Bulcroft,Avenida B,103-395-1559
85211551,Michael,Rainger,Calle A,412-933-3353
22556210,David,Boorer,Avenida Central,676-013-5724
71232343,David,Hampe,Avenida Central,216-957-7812
54671207,Matthew,Queste,Calle 123,892-474-8372
32905864,Daniel,Parkhouse,Avenida Central,750-457-0917
35813019,Emily,Diable,Calle Principal,719-152-3790
50865038,Michael,Paulsen,Calle 123,871-082-6592
27633925,Emily,Harlick,Calle 123,050-625-4757
19886623,Jessica,Dionisetti,Calle A,329-044-0703
10446132,Michael,O'Roan,Avenida B,710-530-5689
40812967,Jessica,Chart,Calle Principal,982-004-9835
74868262,Lauren,Devas,Calle Principal,587-988-4453
15489272,Sarah,Yeulet,Calle 123,943-927-7640
62693294,Lauren,Blackader,Calle Principal,755-032-3375
03599053,Lauren,Styan,Calle Principal,832-486-7207
22137513,Lauren,Brandenberg,Calle 123,939-934-5120
63041205,Lauren,Boyson,Avenida B,827-210-0295
53955355,Lauren,Aplin,Calle Principal,052-913-0665
46637134,Sarah,Witchard,Calle Principal,838-779-1447
67537405,Daniel,Hutten,Avenida B,387-142-3447
87683983,Sarah,Inderwick,Calle 123,073-623-2643
28020500,John,Brixham,Avenida Central,162-382-5867
94500454,Rachel,Lipscomb,Avenida Central,396-074-2046
01892836,Sarah,Rigeby,Calle 123,197-971-2556
24358361,Lauren,Clethro,Calle 123,843-791-9678
47236971,David,Reddoch,Calle 123,753-528-8253
99229360,John,MacColgan,Avenida B,236-038-8666
56325718,Sarah,Bale,Avenida B,907-180-3936
72281569,Matthew,McAlinden,Calle A,746-885-5195
82579262,Michael,Bischof,Calle Principal,925-660-4910
42493219,Rachel,Hingeley,Avenida Central,432-361-6044
15458856,Daniel,Rushmare,Calle Principal,113-961-8150
87839706,David,Dive,Avenida B,263-786-7465
87081149,Michael,Pulver,Avenida B,112-594-6493
54288788,Matthew,Davidowich,Calle A,921-889-7238
18149203,Jessica,Sally,Calle 123,426-273-5139
56704162,Jessica,McCrohon,Avenida Central,298-450-0743
38337510,Matthew,Ingleson,Avenida B,367-674-7862
23460481,Daniel,Regi,Avenida B,786-759-1279
71224115,Daniel,Cubbinelli,Calle 123,163-041-6248
77747040,John,Spaxman,Calle A,924-964-8222
94849443,Michael,Welbeck,Calle A,023-993-8948
19239660,Lauren,O'Fearguise,Calle 123,741-943-9960
48422192,David,Gres,Calle A,168-732-5979
18121968,Emily,Birtwistle,Calle 123,944-872-9377
31901868,Jessica,Stentiford,Calle A,306-633-4473
53655702,Jessica,Gasparro,Calle 123,878-241-4560
21106967,Michael,Chrystal,Calle 123,018-173-0569
45328098,David,Walduck,Calle A,071-983-4842
22408708,Matthew,Hugo,Calle Principal,957-188-8798
02443575,Daniel,Brainsby,Calle 123,105-150-3812
34788858,Rachel,Iannello,Avenida B,508-028-9827
17642762,Matthew,Jaquet,Calle Principal,234-664-8097
24297095,John,Benardeau,Avenida Central,747-911-9974
28310179,Rachel,Naseby,Avenida B,554-605-6486
03519389,Matthew,Norval,Calle A,639-808-0273
55627799,John,Moulsdale,Calle A,810-311-7967
12347585,Matthew,Berntsson,Avenida B,983-726-3417
47042341,Sarah,Limpertz,Calle A,603-909-6267
94613990,Sarah,Bristowe,Calle 123,344-126-4196
67388104,Rachel,Hryniewicz,Calle 123,471-068-2736
73226415,Daniel,Moxom,Avenida B,779-255-2923
93749725,Lauren,Mardle,Calle A,225-281-7169
17774544,David,Deniskevich,Avenida B,706-708-2190
57774494,Lauren,Thrower,Calle Principal,606-560-4972
30050424,John,Yearsley,Calle A,964-740-1011
92702478,Rachel,Hamer,Calle A,518-740-1765
23473684,Daniel,Blemings,Avenida B,996-440-0457
64050828,Sarah,Vasyagin,Avenida Central,717-870-0041
96190699,Emily,Bonhomme,Calle A,012-487-0299
78487123,Emily,Anselm,Avenida B,317-843-8362
75423574,Emily,Stennings,Calle A,771-973-1902
05482382,Michael,Boldison,Calle Principal,816-240-5798
55089599,David,Tutill,Avenida B,954-348-6243
81487339,Emily,Thowless,Calle Principal,208-168-8987
67179015,David,Brand-Hardy,Calle Principal,525-779-6659
49520237,Jessica,Sydes,Calle Principal,455-245-4517
31910142,Matthew,Mussolini,Calle A,020-570-9850
20188234,Jessica,Gadault,Calle A,608-332-0707
43035476,Lauren,Isherwood,Calle A,749-156-1203
85750921,Sarah,Laverack,Calle A,454-432-8393
74111726,Sarah,Maps,Avenida B,317-921-8426
16209298,Emily,Carcas,Calle Principal,378-676-2451
50069843,Sarah,Newitt,Calle 123,058-722-0253
37053327,Rachel,Long,Calle Principal,586-723-3872
11813421,Sarah,Salvin,Avenida Central,951-729-8499
44615185,David,Soldan,Avenida Central,966-434-8866
78166926,Sarah,Caldecutt,Calle A,415-553-8902
52752595,Sarah,Goodlip,Avenida Central,481-406-4830
90232579,Emily,Proudlove,Avenida B,087-171-8751
28610504,John,Fayerbrother,Avenida B,397-887-7638
05265021,Matthew,Henrych,Avenida B,618-890-6799
10035178,Matthew,Melbury,Avenida Central,942-346-0553
21183676,David,Grinikhinov,Avenida B,407-902-6150
84625275,David,Haking,Calle 123,168-580-4143
51963011,Daniel,Menloe,Calle 123,201-133-5163
32401671,Jessica,Robison,Calle A,539-798-7232
92708684,Lauren,Dunckley,Calle 123,732-683-1680
41928565,Lauren,Cato,Calle 123,844-050-4592
64723618,Michael,Dinnies,Calle 123,328-819-9522
16237624,Matthew,Dolley,Calle 123,211-366-2563
03154403,Sarah,Shovell,Avenida B,422-117-0809
04518445,Lauren,Noice,Calle Principal,292-137-5376
97390164,Jessica,Polet,Calle Principal,187-676-8025
04921768,John,Andrault,Avenida Central,408-853-6574
23023918,Michael,Winterborne,Calle 123,108-129-5391
49753315,Matthew,Poulton,Calle 123,127-030-0589
77482032,Daniel,Loram,Calle A,371-428-3518
03322303,Michael,Alvey,Calle 123,545-168-3100
54379027,John,Hadcroft,Calle 123,728-661-6874
09582329,Michael,Phillcock,Avenida B,880-344-3637
49553175,Emily,Argyle,Avenida B,537-979-1520
77404619,David,Reignard,Avenida Central,224-168-6280
25122435,Sarah,Connaughton,Calle Principal,777-004-4195
36117657,Sarah,Week,Calle Principal,487-054-3546
94616205,John,Dubose,Calle Principal,982-783-1268
33599277,Jessica,Olcot,Calle Principal,068-086-2470
96963423,Jessica,Ainley,Avenida B,511-304-4545
14494369,Lauren,Glyne,Calle Principal,724-463-2838
81979106,Sarah,Woodyer,Calle Principal,317-309-0306
90242324,Jessica,Boyn,Avenida Central,204-510-3070
51629515,Michael,Swindlehurst,Avenida B,339-534-7071
16766025,Michael,Bachs,Calle 123,131-471-6083
60220807,Michael,Threader,Calle 123,222-270-8585
22956135,Daniel,Coalbran,Avenida B,531-880-7435
31146214,Rachel,Finlow,Avenida B,624-582-1523
00330136,David,Wakenshaw,Calle Principal,702-152-0972
84916561,David,Castelluzzi,Avenida B,817-147-1500
94698286,Michael,Orchart,Avenida B,461-045-8486
60386982,David,Scantleberry,Calle Principal,005-932-1831
30959247,Sarah,Sharp,Avenida B,658-876-8945
71679077,Rachel,Pudden,Avenida B,337-122-9883
05639867,Jessica,Pedel,Calle 123,152-290-3315
67139508,Lauren,Strelitzer,Avenida B,724-126-2031
13385902,Emily,Chattell,Avenida Central,625-424-1563
42354712,Rachel,Pudsall,Calle 123,320-637-7860
83765495,David,Fackney,Calle A,010-721-2012
03115943,Rachel,Bricksey,Calle 123,783-045-8500
41677929,Sarah,Riba,Calle 123,436-203-9473
58638983,John,Snow,Calle Principal,242-950-1655
27246176,Sarah,Virgin,Calle A,612-342-8049
32406181,Michael,Wayper,Avenida Central,721-467-9539
36959832,Matthew,Guy,Calle Principal,622-560-5635
84668459,Rachel,Osichev,Calle Principal,986-328-4989
28103745,Daniel,Garritley,Avenida Central,434-495-2091
91535701,Sarah,Ginley,Avenida B,743-133-6034
76121214,Lauren,Garret,Calle Principal,948-487-1898
28131858,Jessica,Lauxmann,Avenida Central,161-880-7748
36295474,Sarah,Camlin,Avenida B,633-034-2838
62691078,David,Hyndman,Avenida Central,861-072-4572
62349579,Jessica,Sweetlove,Avenida B,046-980-0831
84913827,Emily,Cavozzi,Avenida Central,140-910-2109
57520011,Michael,Lenham,Calle A,801-464-2484
23905078,Michael,Smallacombe,Calle A,447-545-0343
06089201,Rachel,MacDavitt,Calle A,474-935-7051
49431913,Lauren,Maillard,Calle Principal,868-848-2962
79909460,Lauren,Everist,Calle A,631-865-9617
16714374,Jessica,Iston,Avenida B,101-859-6788
20147862,Daniel,Pallasch,Avenida Central,907-915-3172
15857860,Emily,MacSkeaghan,Calle A,038-363-1390
33282423,Lauren,Duffit,Calle Principal,724-749-5154
95116510,Sarah,Kinnach,Calle 123,731-126-5123
16266174,Sarah,Ruger,Calle A,051-417-8806
75203936,Lauren,Birrell,Calle Principal,692-868-1813
85472832,Michael,Warstall,Avenida Central,956-946-5591
55506658,Jessica,Kingsmill,Calle A,455-492-8108
83215590,Rachel,Scargill,Calle A,315-380-8749
29581321,Jessica,Brand-Hardy,Calle 123,741-263-2286
27531191,Michael,Govini,Calle A,462-696-4736
45803019,Lauren,Beetles,Calle A,304-398-5815
59941183,John,Liveley,Avenida Central,245-906-2234
70596831,John,Ransley,Avenida B,113-450-0176
88619642,Matthew,Boliver,Calle A,906-129-3772
40042903,Sarah,Croxon,Calle Principal,700-213-3703
55454320,John,Nockles,Avenida Central,699-302-9697
55168779,John,Schiefersten,Calle Principal,783-446-8019
28004716,John,Sturgis,Calle 123,049-494-9279
89181270,Sarah,Le Pruvost,Calle Principal,560-986-6728
45969270,Michael,Culverhouse,Calle 123,821-696-4740
07806273,Emily,Koppel,Avenida B,920-849-8477
99873537,Emily,Siegertsz,Avenida Central,612-033-9619
07090264,Daniel,McCrostie,Avenida Central,139-877-4162
31023552,John,Fuentes,Calle 123,225-787-4064
59067772,Michael,Pinnegar,Avenida B,765-410-0285
11986995,Lauren,Shortall,Calle 123,255-897-1157
49799055,Daniel,Driuzzi,Calle 123,938-370-8709
84429426,Matthew,Swallow,Calle Principal,237-956-9682
71381688,Daniel,Petrovsky,Avenida Central,514-318-5551
96749073,Sarah,Bamborough,Calle 123,170-467-4681
99333922,Michael,Woodall,Calle Principal,481-820-2989
22621428,Matthew,Saltrese,Avenida Central,007-139-6990
20693660,Emily,Schoular,Calle Principal,481-302-4708
64827681,John,Behnecken,Calle Principal,911-396-9937
85645471,David,Bartholin,Calle Principal,823-937-7701
68482939,Rachel,Rees,Calle A,718-990-2054
89045526,Emily,Coggeshall,Avenida Central,626-175-2831
90624677,Rachel,Corck,Avenida B,851-866-4014
23344960,Jessica,Barta,Calle A,872-707-2678
76449572,David,Zanutti,Avenida Central,968-746-8288
64857891,Matthew,Bevir,Calle Principal,326-411-0895
66688179,Emily,Staves,Calle 123,313-006-0969
66413629,Daniel,Riddiough,Avenida B,990-918-6563
15837132,Emily,Geroldo,Calle 123,679-319-3542
84395811,John,Whittek,Avenida B,130-896-3377
91758544,Michael,Lawling,Calle A,135-298-8880
68062576,John,MacConneely,Avenida Central,714-766-3438
40613135,Rachel,Hulett,Avenida Central,038-065-8235
01139129,John,Scamadine,Avenida Central,703-259-1343
76745603,Michael,Neachell,Avenida B,066-232-6748
91949468,Jessica,Riddeough,Avenida B,426-966-2782
10999976,Michael,Wallicker,Avenida B,072-581-0578
85415933,Michael,Lamasna,Calle Principal,319-865-7095
04927625,Lauren,Wyrill,Calle 123,470-090-5446
91298321,Matthew,Frowing,Avenida B,082-408-4679
57419323,Emily,Cubbino,Avenida B,756-083-3905
15895957,Sarah,Korpal,Calle A,265-563-8556
92242140,Emily,Jablonski,Calle A,077-007-0001
33021443,Jessica,Posvner,Calle A,637-786-5984
76738772,John,Blacksell,Calle A,700-463-8987
07406746,Lauren,Lambirth,Calle Principal,226-590-6459
68178736,Daniel,Coit,Avenida Central,260-781-7275
33493782,Daniel,Stepney,Calle 123,381-918-5114
84378643,Rachel,Hames,Calle 123,202-083-8621
34639662,Sarah,Haygreen,Calle A,130-122-5381
16299039,Rachel,Dewicke,Avenida B,977-836-5622
26556176,Sarah,Caghan,Calle A,112-956-9682
95740498,Matthew,Verny,Avenida B,444-033-3306
85662826,Jessica,Gabits,Avenida B,330-542-3912
12598135,Sarah,Glanton,Avenida Central,754-933-0173
26125290,Lauren,Agerskow,Avenida B,335-041-4171
41721822,Michael,Mounch,Calle Principal,429-451-1362
44967073,Matthew,Brecken,Avenida Central,363-208-8069
38907185,Rachel,Anfonsi,Calle Principal,096-729-2366
52610348,Lauren,D'Alessandro,Avenida Central,825-848-8369
06787375,Rachel,Gumey,Calle Principal,698-458-6915
77138450,David,Cockman,Avenida B,279-245-9665
77144019,Daniel,Gilberthorpe,Calle A,401-117-3621
27702754,Sarah,O' Markey,Calle 123,177-058-1215
00337798,John,Runcieman,Calle A,988-792-9719
06613268,Jessica,Fishburn,Avenida Central,432-430-5437
47408452,Jessica,Kimbury,Calle 123,110-655-7109
76397949,Matthew,Antrum,Calle A,410-658-9118
98624464,John,Phillcock,Calle Principal,135-588-1721
12999322,Rachel,Pretti,Calle Principal,270-688-6576
98945141,Michael,Cumberledge,Calle A,366-172-4055
21255360,Sarah,Pervoe,Avenida Central,025-501-9204
89655347,David,Heberden,Calle 123,397-177-1800
22097616,Michael,Blune,Avenida B,695-609-3206
42831254,David,Farreil,Avenida Central,583-550-9671
00621047,Emily,Rominov,Calle 123,895-907-0547
75283044,John,Vosse,Avenida Central,244-827-1575
20188592,Matthew,Matz,Avenida B,250-228-6012
99031810,Sarah,MacFadyen,Avenida B,409-261-5902
14579385,Matthew,Bletcher,Calle 123,108-206-7368
34782770,Michael,Hattiff,Calle Principal,962-887-1189
24657559,David,Gilroy,Calle Principal,291-149-7527
29054994,Emily,Slogrove,Avenida Central,905-694-3140
16379923,John,Chark,Avenida Central,901-941-1791
52534210,Emily,Cunniff,Avenida Central,083-156-0678
34181715,David,Mc-Kerley,Calle A,900-389-9430
10285264,Michael,Rowth,Calle Principal,943-866-9924
32274445,Daniel,Divine,Calle 123,312-348-1255
80784575,Lauren,Hartshorne,Calle Principal,935-699-4689
86195308,Lauren,Stothert,Calle Principal,803-500-0547
37245427,Michael,Cornelisse,Calle Principal,796-238-8526
97295638,Daniel,Turton,Avenida B,855-850-4144
13663612,Matthew,Wey,Calle Principal,942-094-6808
35249374,Jessica,Buttriss,Calle Principal,741-094-7775
23100241,David,Drinkhall,Avenida Central,075-696-3772
03700805,Rachel,Barkas,Calle 123,026-586-5325
04820955,Lauren,Michelle,Avenida B,859-503-7572
85522903,John,Ludmann,Calle Principal,817-863-2583
57599876,Jessica,Peacham,Calle Principal,395-348-8261
16485836,Lauren,Jackman,Calle Principal,823-142-7130
71269715,Jessica,Wrench,Calle Principal,732-461-1621
66610922,John,Rikkard,Calle Principal,654-921-2648
65629605,Jessica,Duny,Avenida B,939-616-9875
51698725,Emily,De Gowe,Avenida B,273-436-6313
25328549,Michael,Reggler,Calle Principal,932-903-8563
38724709,Sarah,Wilcinskis,Avenida Central,376-183-4916
13992021,Matthew,Hordle,Calle A,847-905-6676
14632705,Matthew,Duly,Avenida Central,671-535-2613
68459695,David,Batting,Calle A,587-642-3769
30330884,David,Busher,Calle A,242-024-5993
83804565,Michael,Kennelly,Avenida Central,179-148-3095
56219325,David,Dziwisz,Calle A,288-364-4362
38260348,Rachel,Theurer,Avenida B,844-722-1263
13072822,Daniel,Caush,Avenida B,965-250-4339
52449009,Jessica,Gloy,Calle A,369-492-4804
43492082,Lauren,Siveter,Calle A,317-862-3541
79829028,Daniel,Turone,Avenida B,224-554-2458
80393599,Michael,De La Cote,Calle Principal,104-880-0211
88886135,John,Ligoe,Calle Principal,668-809-3480
79439277,Daniel,Stert,Avenida Central,005-767-0948
83777050,Jessica,Burdge,Calle Principal,579-047-2783
99465516,Michael,Hriinchenko,Avenida B,707-570-1477
29937608,Daniel,Spavins,Calle A,907-632-9054
05379630,Lauren,Notman,Avenida B,096-713-8518
29485510,Matthew,Prowse,Calle Principal,712-018-9764
59922029,Matthew,Rawdall,Avenida B,434-060-3098
66123669,Sarah,Gething,Avenida B,892-015-9052
24151288,Jessica,Saffe,Avenida B,506-295-7056
90766185,Rachel,Volette,Calle A,919-387-4299
20411830,Matthew,Benedito,Avenida B,545-699-6922
33854730,Emily,Grioli,Calle Principal,667-545-0641
03831560,Sarah,Achromov,Calle 123,048-488-4671
94334960,John,Huffer,Calle Principal,174-433-1699
99242683,David,Nutbean,Calle A,768-274-6987
25043143,John,Eason,Calle Principal,821-054-0679
44428077,Sarah,O'Lahy,Calle A,252-467-4025
83396960,Michael,Bellino,Avenida B,815-957-1634
02644707,Rachel,Salkeld,Calle A,235-759-1607
66106932,Sarah,Ambrois,Calle Principal,123-741-8808
83931468,Matthew,Marcoolyn,Avenida B,299-141-1601
33382427,Matthew,Beardshall,Avenida B,364-467-9668
92650673,Lauren,Ganny,Avenida B,778-343-8582
65815891,Lauren,Buten,Calle Principal,216-347-4755
00360897,Lauren,Ebbens,Calle 123,774-941-0277
12003506,Jessica,Souch,Calle Principal,446-835-1537
54838697,Sarah,Cory,Calle Principal,656-841-5881
65949253,Sarah,Pengilly,Avenida B,022-569-5465
18836224,Daniel,Lundbech,Calle Principal,738-962-6679
33496474,Michael,Dogerty,Calle Principal,723-341-0859
84805419,Rachel,Grishukov,Avenida B,302-828-7075
05489080,Michael,Froment,Avenida Central,819-545-8849
81935843,Matthew,Hardwidge,Calle 123,249-041-1211
53825898,Lauren,Blenkiron,Avenida B,432-565-5282
21907771,John,Bockman,Calle A,382-143-5518
95998594,Jessica,Tayler,Avenida Central,476-035-2196
16828959,Michael,Duthie,Calle A,701-595-7340
28306761,Matthew,Sobczak,Avenida Central,148-817-9815
73995611,Sarah,Siemianowicz,Calle A,444-644-4174
67368709,Emily,Angeli,Calle 123,268-459-9468
77958464,David,Siveyer,Avenida B,829-849-5649
42507702,Emily,Elsby,Calle Principal,344-484-3966
70619127,John,Togher,Calle Principal,739-579-9324
01654864,Daniel,Ashwin,Calle A,826-310-4794
62458445,John,Cavy,Calle 123,373-898-8926
21669948,Emily,Gorick,Calle Principal,766-440-5080
48775680,Michael,Dorling,Avenida B,482-988-9087
77696510,Lauren,Curnock,Calle Principal,613-978-5817
69109997,Jessica,Rablin,Calle Principal,790-409-4621
70755344,Lauren,Durran,Calle 123,904-019-3162
14593980,Sarah,Rendbaek,Calle 123,559-933-4744
06997489,John,Nenci,Calle A,100-853-0133
34760037,John,Byles,Calle Principal,012-276-7111
53167399,Daniel,Smail,Avenida B,359-942-2021
19260993,Lauren,Besemer,Calle 123,826-236-1678
93167416,Daniel,Fawthrop,Calle A,359-642-7489
86872080,Matthew,Franzetti,Avenida B,052-510-8639
57423695,Jessica,Yeiles,Avenida B,712-269-3136
97349420,Matthew,Sawart,Calle Principal,604-586-1128
10951044,Emily,Vondrach,Calle Principal,029-143-9499
56250497,Matthew,Flarity,Avenida B,401-670-4390
77674844,Sarah,Barstowk,Avenida B,450-863-1525
46896753,Emily,Roberds,Avenida B,899-808-4518
19216946,Lauren,Dunphy,Avenida B,046-891-5158
45560500,Daniel,Adelsberg,Calle A,646-808-2315
63764047,Lauren,Pinckney,Avenida Central,227-410-6639
46416786,David,Kasher,Avenida Central,545-967-3531
39333860,Daniel,Bedrosian,Calle 123,768-164-6716
06848847,Emily,Tomaini,Calle Principal,557-243-4616
65009747,Michael,Stair,Avenida Central,174-823-6317
87620187,Michael,O'Sherrin,Calle 123,483-038-9796
67002524,Daniel,Broschek,Avenida Central,770-225-9230
16014862,Rachel,Collomosse,Avenida Central,949-985-6766
55552256,Matthew,Mauvin,Avenida B,150-967-9430
91211554,Daniel,Geraudy,Calle 123,573-137-5786
84445349,Lauren,Evitts,Calle A,929-113-1701
74135597,Lauren,Fucher,Avenida B,614-987-8192
54736699,Daniel,Prescot,Avenida B,850-335-4346
13171557,Sarah,Dearden,Avenida B,666-531-2131
58753385,John,Hedge,Calle Principal,082-296-0988
41314405,David,Kilfoyle,Avenida Central,963-490-7591
34414030,John,Royston,Calle Principal,580-738-8961
54046325,John,Thicking,Calle Principal,108-959-8210
21163507,Matthew,Ovell,Calle Principal,443-584-0094
05550029,Emily,Hopkynson,Avenida Central,118-918-1063
35570531,Jessica,Woodman,Avenida Central,393-289-2563
64747798,Matthew,Liccardo,Avenida Central,819-049-9374
10570319,Rachel,Timby,Avenida B,132-965-0483
40271225,Emily,Bold,Avenida B,116-099-0829
73778858,Michael,Pountain,Calle A,737-083-7516
84153315,Lauren,Kopisch,Calle A,199-873-0552
12752480,John,Wilkowski,Calle 123,494-854-6459
14479267,Michael,Cammis,Calle 123,617-643-0057
66905924,Jessica,Hosby,Calle A,094-225-4251
49020797,Daniel,Ygo,Avenida Central,098-088-6864
02895928,Sarah,Aslie,Calle Principal,289-725-5259
77227289,Rachel,Klemz,Calle A,797-160-4875
26793695,Emily,Kleingrub,Calle A,941-960-0548
60485152,Matthew,Pettiford,Avenida Central,501-999-4544
94281994,David,Mallon,Calle Principal,175-473-2603
46048990,David,Halbert,Calle A,738-011-5237
91381978,Jessica,Dredge,Calle Principal,224-588-7138
93560522,Daniel,Tibbotts,Avenida Central,389-122-8777
96627048,Rachel,Sends,Avenida Central,511-788-5683
26683054,John,Cumberledge,Calle A,708-253-4078
47869235,John,Keyzor,Avenida Central,990-385-1507
22488057,Sarah,Fiander,Avenida Central,959-750-5084
12149167,Rachel,Vockins,Calle A,977-711-6031
89318951,Sarah,Shortin,Calle A,672-076-5278
72246012,Matthew,Dysert,Calle A,024-337-9679
73665535,David,McManamen,Calle 123,443-529-9583
24859324,Daniel,Knott,Avenida B,819-163-3576
76245240,John,Barthrup,Calle Principal,230-272-4240
73722602,Rachel,Clempton,Avenida B,270-272-9738
43868410,Lauren,Filtness,Calle Principal,667-259-3923
12970018,John,Grombridge,Calle 123,853-137-2012
88243839,Jessica,Josefson,Avenida Central,824-917-2113
00010721,Sarah,Blazdell,Calle Principal,878-278-0535
76531901,Daniel,Roote,Calle A,213-050-6752
74641166,Daniel,Wildey,Avenida Central,756-488-4833
97796962,Lauren,Stork,Calle A,148-690-0036
09854565,John,Sancias,Calle Principal,384-622-5413
66137692,Matthew,Stower,Avenida B,392-459-4157
90539374,Sarah,Heersema,Calle Principal,599-912-2229
03248863,Sarah,Goodyear,Avenida Central,373-381-2712
23400375,Matthew,Harower,Calle 123,969-712-8693
70470105,John,Ubee,Calle 123,836-229-4378
69453199,Michael,Riddel,Calle 123,850-535-6768
01762108,Rachel,Crick,Avenida Central,021-086-1675
07604581,David,Guiduzzi,Avenida Central,134-970-5077
17613956,David,Fasey,Avenida Central,617-947-1009
97138469,Rachel,Sammon,Avenida Central,166-708-6983
65264377,Sarah,Boyne,Calle A,511-763-3207
23697721,Jessica,Geockle,Avenida Central,155-507-1270
25182626,John,Shellsheere,Calle Principal,679-935-2283
22269730,Rachel,Bischoff,Avenida B,973-388-9736
01608656,Michael,Crighten,Calle A,702-589-6280
33754996,Daniel,Spurgeon,Calle Principal,897-128-8546
72570615,Matthew,Eadmeades,Calle A,337-027-8817
37769283,David,Segebrecht,Avenida Central,290-910-8406
72904621,Sarah,Treweek,Calle A,141-151-4643
20940862,David,Harsnep,Calle A,788-182-7926
24241674,Michael,Ferschke,Avenida Central,187-532-1833
10240953,Daniel,Cox,Calle 123,057-816-2915
56832040,Jessica,Borgnet,Calle A,197-268-8581
69427198,Sarah,Leavesley,Calle Principal,946-222-4830
47019296,Jessica,Custy,Calle 123,271-795-0650
93145358,Matthew,Broxap,Calle 123,521-146-0003
01084555,Lauren,Sleeman,Calle 123,415-608-9436
76803975,Matthew,Jansky,Calle Principal,822-581-5430
23549835,John,Dorling,Calle Principal,758-961-0745
38253114,Michael,Sealey,Avenida B,664-061-5367
72568555,Emily,Borles,Avenida Central,839-034-0937
96660201,Lauren,Turnock,Calle Principal,072-514-3300
88369845,Daniel,Gapper,Calle A,129-838-4378
07936680,Michael,Abbotson,Avenida B,033-321-0187
39416101,Michael,Wilbore,Calle Principal,666-051-9089
19623440,John,Bale,Avenida B,549-338-5023
79954508,Michael,Wigan,Calle Principal,380-969-7543
73111113,Lauren,Snawden,Calle 123,220-093-3481
51210117,David,Diamant,Calle Principal,268-927-6287
46854143,John,Luno,Avenida B,521-446-1569
86254274,Jessica,Rudge,Calle Principal,326-466-3431
28842839,Lauren,Gitting,Calle A,313-010-9268
25458658,David,Archard,Avenida B,429-962-5864
24036748,Rachel,Boon,Calle Principal,329-663-7437
80520882,John,Fallow,Avenida Central,584-306-0023
82425178,Matthew,Spieck,Avenida B,647-677-3989
24837868,Emily,Jertz,Avenida Central,055-559-4000
45833351,Lauren,Madgwick,Calle A,217-503-3015
73882670,Matthew,Grimmer,Calle A,579-241-1266
43120480,Rachel,Morton,Calle A,876-670-0426
06683439,Matthew,Klugman,Avenida B,600-905-6478
88010621,Jessica,Lorait,Calle 123,453-555-1199
89667649,Emily,Duckhouse,Calle 123,892-740-1531
44347757,John,Lownes,Avenida Central,223-148-4821
97033759,Michael,Hebburn,Calle Principal,712-069-1301
84324833,Matthew,Thomasson,Calle 123,091-163-9260
09379377,Daniel,Treace,Calle Principal,008-723-6836
07932397,John,Kick,Calle Principal,636-675-7929
06413232,Rachel,Gerriet,Calle 123,303-847-4904
69289601,Jessica,Spradbrow,Calle Principal,712-946-8383
26800851,Sarah,Campling,Avenida Central,787-245-7081
84555485,John,Ablott,Calle Principal,738-097-7033
86232660,Matthew,Sedgmond,Calle Principal,999-282-0522
77582559,David,Pavlenko,Avenida B,207-790-2854
97055875,John,Kennion,Avenida B,434-833-0667
28386180,John,Bratcher,Calle 123,512-144-6170
42994295,Emily,Bixley,Calle A,270-107-8995
59166795,Sarah,Barnes,Avenida Central,706-073-1393
00473646,Michael,Croizier,Calle A,796-112-2245
67255977,Jessica,Balk,Calle 123,387-269-4478
45752660,Matthew,Pettman,Calle Principal,346-201-1080
66270502,John,Loraine,Calle A,129-137-8350
93023609,Rachel,Coghill,Avenida B,583-121-7387
25126867,Sarah,Rutledge,Avenida B,143-092-0188
76896819,Rachel,Birdis,Calle 123,164-134-5323
14845977,Rachel,Rowlinson,Calle 123,930-772-7787
87962716,John,Barbrook,Calle 123,380-718-8095
88645622,Jessica,Allden,Calle 123,170-029-6997
18590826,David,Tulleth,Calle 123,120-657-7236
00337465,Daniel,Nanuccioi,Calle A,076-897-4670
42451070,Jessica,Jagoe,Calle A,110-580-1166
92963282,John,Tissier,Avenida Central,424-144-0321
84629825,Rachel,Velareal,Avenida Central,484-479-6851
73868459,Jessica,Bodemeaid,Avenida B,972-991-9333
39235327,David,Martignon,Avenida B,827-663-4451
93996357,Lauren,Lilly,Calle A,905-638-4630
18741807,David,Ansell,Calle Principal,488-926-1419
36786931,David,Alekseev,Calle A,813-976-7239
38223278,Daniel,Botterell,Calle A,907-256-6703
