ID,Nombre,Tipo,Raza,cedula_deL_owner
609086,Lucy,masculino,Siberian Husky,19121214
208658,Charlie,masculino,Siberian Husky,40177998
430134,Molly,masculino,Labrador Retriever,82008821
351131,Sadie,masculino,French Bulldog,24489723
552202,Sadie,femenino,Golden Retriever,43370456
759346,Molly,femenino,Golden Retriever,64938805
693863,Daisy,femenino,German Shepherd,45882306
369339,Sadie,femenino,German Shepherd,49224553
276155,Sadie,femenino,French Bulldog,94854653
139487,Buddy,femenino,Labrador Retriever,15338365
354448,Charlie,femenino,Labrador Retriever,07054959
951569,Buddy,femenino,Siberian Husky,58913547
235205,Lucy,masculino,French Bulldog,62281195
421777,Rocky,masculino,German Shepherd,24495270
279380,Charlie,masculino,Siberian Husky,77627111
472019,Rocky,femenino,German Shepherd,45162953
626613,Lucy,femenino,German Shepherd,49608635
444392,Daisy,femenino,Labrador Retriever,74131698
940064,Rocky,masculino,French Bulldog,07420494
413560,Rocky,masculino,Siberian Husky,54985811
243889,Bella,femenino,Golden Retriever,84054046
199225,Daisy,masculino,German Shepherd,04031055
282299,Lucy,femenino,Siberian Husky,45312390
534520,Buddy,masculino,French Bulldog,51903157
941201,Bella,femenino,Golden Retriever,17220690
058377,Bella,femenino,Labrador Retriever,70365416
813242,Bella,masculino,French Bulldog,48029301
633291,Bella,masculino,German Shepherd,34528542
771837,Molly,masculino,French Bulldog,79179998
044613,Lucy,masculino,French Bulldog,04248994
021119,Buddy,masculino,Siberian Husky,44818106
706808,Daisy,femenino,Siberian Husky,29524551
642740,Buddy,femenino,Labrador Retriever,32960115
878393,Daisy,masculino,Labrador Retriever,54283674
160852,Rocky,masculino,Labrador Retriever,10175396
848024,Rocky,masculino,French Bulldog,50580215
100696,Lucy,femenino,German Shepherd,58824173
409197,Molly,masculino,Golden Retriever,27339624
725721,Bailey,femenino,French Bulldog,87018850
751702,Buddy,femenino,Siberian Husky,88640431
817596,Buddy,femenino,Siberian Husky,55991404
184856,Sadie,femenino,Labrador Retriever,96491141
670343,Lucy,masculino,French Bulldog,53856236
698642,Buddy,masculino,Siberian Husky,83442095
406259,Lucy,masculino,French Bulldog,80182563
651587,Sadie,masculino,German Shepherd,92076703
673371,Molly,femenino,Siberian Husky,87651671
805313,Bella,femenino,Golden Retriever,68026239
702558,Lucy,masculino,Siberian Husky,94635839
111930,Charlie,femenino,Siberian Husky,24543358
404110,Max,masculino,Siberian Husky,50072792
635790,Rocky,femenino,French Bulldog,29833709
507151,Buddy,masculino,Labrador Retriever,80313214
491909,Charlie,femenino,French Bulldog,19650975
829242,Daisy,masculino,Siberian Husky,26747342
197844,Sadie,femenino,French Bulldog,87876440
648882,Daisy,femenino,Labrador Retriever,48536156
253689,Buddy,masculino,German Shepherd,36655391
408461,Max,femenino,German Shepherd,11185961
657060,Max,femenino,Golden Retriever,22342438
499281,Lucy,femenino,Siberian Husky,35832061
739019,Lucy,masculino,Golden Retriever,14218713
158452,Charlie,masculino,Labrador Retriever,57589781
436570,Bella,femenino,German Shepherd,97314073
174464,Lucy,masculino,Siberian Husky,66733847
373223,Sadie,masculino,Golden Retriever,47079283
613950,Max,femenino,German Shepherd,57490447
791084,Max,masculino,Siberian Husky,41198947
410398,Daisy,femenino,French Bulldog,60234353
789916,Bella,femenino,Siberian Husky,92006839
253752,Molly,masculino,German Shepherd,74899025
114366,Bailey,masculino,Siberian Husky,75978355
430875,Lucy,femenino,French Bulldog,81922592
309989,Lucy,femenino,Golden Retriever,58108032
307164,Lucy,masculino,Siberian Husky,65940687
841071,Daisy,femenino,German Shepherd,64632033
446609,Rocky,femenino,Siberian Husky,69209482
794862,Buddy,masculino,German Shepherd,68068836
676602,Bella,femenino,French Bulldog,69838525
723769,Bella,femenino,German Shepherd,01910619
376320,Rocky,masculino,Labrador Retriever,78409701
292359,Bailey,femenino,German Shepherd,32435876
868524,Sadie,masculino,Labrador Retriever,70274150
964175,Max,masculino,Labrador Retriever,66254256
039057,Lucy,femenino,Golden Retriever,60302248
955945,Buddy,femenino,Siberian Husky,22905321
643877,Charlie,masculino,French Bulldog,30605718
010119,Charlie,masculino,Siberian Husky,30669659
351053,Bella,masculino,Golden Retriever,89802588
934451,Sadie,femenino,German Shepherd,30197543
323242,Bailey,masculino,German Shepherd,45016825
466874,Bella,masculino,Golden Retriever,50365988
730338,Rocky,masculino,Golden Retriever,87878410
717361,Lucy,femenino,Golden Retriever,36806887
673182,Max,masculino,German Shepherd,37903474
290639,Max,masculino,French Bulldog,89403796
190512,Max,femenino,French Bulldog,26500960
181639,Sadie,masculino,French Bulldog,17951153
284493,Max,femenino,German Shepherd,12456214
549142,Bella,masculino,Golden Retriever,15729056
364896,Lucy,masculino,French Bulldog,93928142
976359,Sadie,femenino,Golden Retriever,79652654
189194,Molly,masculino,German Shepherd,85427042
069614,Daisy,femenino,Golden Retriever,42100733
628266,Molly,masculino,German Shepherd,18148060
127362,Sadie,femenino,Labrador Retriever,19361195
749422,Buddy,masculino,French Bulldog,54703664
273465,Daisy,femenino,Labrador Retriever,48366271
806114,Sadie,masculino,French Bulldog,80871600
020052,Charlie,femenino,Golden Retriever,83301955
534356,Bailey,masculino,Labrador Retriever,96456081
223992,Rocky,femenino,German Shepherd,72810453
422841,Buddy,masculino,German Shepherd,37129325
780367,Molly,femenino,Siberian Husky,14220451
565495,Bella,femenino,Golden Retriever,14433806
767629,Bailey,masculino,Siberian Husky,00365230
332228,Max,femenino,French Bulldog,30741912
140204,Bella,masculino,German Shepherd,31305503
917396,Lucy,femenino,French Bulldog,77001734
304396,Bella,femenino,German Shepherd,82362621
766292,Lucy,femenino,Labrador Retriever,13092102
929268,Bella,femenino,Siberian Husky,78552255
723528,Molly,femenino,Labrador Retriever,51782479
980845,Lucy,femenino,Golden Retriever,27680912
486890,Sadie,femenino,German Shepherd,14110302
267195,Molly,masculino,German Shepherd,38223745
522099,Buddy,femenino,French Bulldog,17415999
046514,Rocky,femenino,Labrador Retriever,97334250
415728,Buddy,femenino,French Bulldog,79349004
887554,Buddy,femenino,Siberian Husky,61336907
132937,Charlie,femenino,Golden Retriever,22823106
724869,Sadie,femenino,Siberian Husky,90582329
873596,Daisy,masculino,Siberian Husky,59191021
517982,Sadie,femenino,German Shepherd,15682781
546986,Daisy,masculino,Golden Retriever,93452708
418711,Bella,masculino,Siberian Husky,31065160
850440,Bailey,femenino,Siberian Husky,35151365
204398,Rocky,femenino,French Bulldog,55122031
865774,Charlie,femenino,Golden Retriever,85021670
507597,Sadie,femenino,German Shepherd,77251561
997009,Sadie,masculino,Golden Retriever,04551351
943598,Max,masculino,French Bulldog,82967705
356470,Lucy,masculino,Siberian Husky,84402042
865622,Bailey,femenino,German Shepherd,11237453
657232,Molly,masculino,French Bulldog,71751446
366657,Bailey,femenino,German Shepherd,20867787
033209,Lucy,masculino,French Bulldog,09968025
646488,Lucy,femenino,Labrador Retriever,78375435
732076,Daisy,masculino,Siberian Husky,04033141
136689,Lucy,masculino,Siberian Husky,97966568
060768,Molly,femenino,Labrador Retriever,61299351
914582,Molly,femenino,Siberian Husky,37851745
849770,Lucy,femenino,Siberian Husky,95376484
962801,Bailey,masculino,Labrador Retriever,89112332
699914,Daisy,masculino,Siberian Husky,11203532
160669,Bailey,masculino,German Shepherd,04777507
613632,Daisy,femenino,Siberian Husky,94483635
651866,Sadie,masculino,Labrador Retriever,93906027
771075,Rocky,masculino,Siberian Husky,71780481
364472,Charlie,femenino,French Bulldog,17529791
105108,Molly,masculino,Labrador Retriever,71685927
350912,Lucy,masculino,Siberian Husky,42852345
065978,Buddy,femenino,Labrador Retriever,63278033
062298,Lucy,femenino,Labrador Retriever,99411698
304732,Rocky,masculino,Siberian Husky,89162961
309272,Molly,masculino,Labrador Retriever,72373012
226476,Max,femenino,German Shepherd,97035077
834440,Max,masculino,German Shepherd,11779643
443004,Molly,masculino,Golden Retriever,96783732
237644,Daisy,femenino,Golden Retriever,33440205
770197,Sadie,masculino,French Bulldog,14606955
426492,Bailey,femenino,Siberian Husky,92383237
894658,Buddy,masculino,French Bulldog,94662223
515830,Max,masculino,Siberian Husky,26249891
735982,Max,femenino,Golden Retriever,72226593
067205,Daisy,masculino,German Shepherd,60001718
787516,Bella,femenino,French Bulldog,15763515
695735,Buddy,femenino,German Shepherd,33943594
053657,Molly,femenino,Golden Retriever,73017284
644904,Sadie,masculino,Golden Retriever,88387402
181632,Daisy,femenino,Siberian Husky,66840297
391748,Lucy,masculino,Siberian Husky,97540127
522577,Bailey,femenino,Labrador Retriever,85002903
971775,Daisy,masculino,Siberian Husky,05876952
288377,Molly,masculino,Labrador Retriever,82611159
580657,Molly,femenino,Golden Retriever,89986627
038510,Daisy,masculino,Labrador Retriever,90662644
311445,Molly,femenino,Labrador Retriever,64639184
755238,Molly,masculino,Siberian Husky,26298799
284141,Bella,femenino,Golden Retriever,54243500
931772,Molly,femenino,French Bulldog,93267616
007138,Daisy,masculino,French Bulldog,39671039
832416,Lucy,masculino,Golden Retriever,41569323
245688,Sadie,femenino,Siberian Husky,29958751
458883,Lucy,femenino,Labrador Retriever,55744500
236423,Bailey,femenino,Golden Retriever,78775806
582365,Buddy,femenino,Golden Retriever,00918747
394933,Bailey,femenino,German Shepherd,22968654
037255,Bailey,masculino,French Bulldog,29850840
383675,Molly,masculino,Golden Retriever,13637629
797876,Lucy,femenino,Siberian Husky,11942964
568090,Max,masculino,French Bulldog,17629296
039604,Charlie,masculino,French Bulldog,76878609
727932,Daisy,masculino,Labrador Retriever,89762333
415861,Molly,masculino,French Bulldog,34941842
740090,Rocky,masculino,French Bulldog,66455158
558222,Bella,masculino,French Bulldog,30763849
831780,Bella,masculino,Labrador Retriever,70712325
251789,Charlie,femenino,German Shepherd,23984262
659848,Buddy,masculino,Siberian Husky,51123687
541982,Charlie,femenino,Siberian Husky,61245123
156640,Sadie,masculino,German Shepherd,44881206
980592,Max,masculino,Golden Retriever,83324259
054318,Sadie,femenino,French Bulldog,00962368
575425,Lucy,femenino,Labrador Retriever,21680486
811933,Max,masculino,French Bulldog,47523729
059109,Bella,femenino,Golden Retriever,12222367
204520,Bella,femenino,Golden Retriever,04841553
602305,Max,femenino,Labrador Retriever,38391004
194539,Molly,femenino,German Shepherd,87440305
490974,Daisy,masculino,German Shepherd,89086820
083575,Molly,masculino,German Shepherd,97252281
371013,Rocky,masculino,Golden Retriever,40917172
106002,Sadie,masculino,French Bulldog,00440794
641731,Bella,femenino,French Bulldog,00805139
635398,Daisy,masculino,Golden Retriever,65997701
669420,Charlie,masculino,French Bulldog,75110565
159909,Bella,masculino,Labrador Retriever,58684620
937072,Rocky,femenino,French Bulldog,83016404
359666,Sadie,masculino,Siberian Husky,22048922
773476,Lucy,femenino,French Bulldog,43092608
911360,Molly,femenino,German Shepherd,48648113
822085,Buddy,masculino,French Bulldog,89386721
187897,Sadie,femenino,Labrador Retriever,20094476
239760,Rocky,masculino,Labrador Retriever,08265748
381510,Rocky,masculino,Siberian Husky,74067535
128320,Buddy,masculino,Labrador Retriever,10160265
693537,Daisy,masculino,French Bulldog,16150676
198519,Sadie,masculino,German Shepherd,09855956
477721,Lucy,femenino,German Shepherd,01832469
417914,Bailey,femenino,Golden Retriever,05842881
655759,Buddy,masculino,Labrador Retriever,01952615
149688,Lucy,femenino,German Shepherd,55638817
552380,Buddy,femenino,Labrador Retriever,48320755
671516,Rocky,masculino,Labrador Retriever,25891686
921396,Bailey,masculino,Labrador Retriever,39451841
622889,Molly,femenino,German Shepherd,60651117
393113,Bailey,masculino,Labrador Retriever,06941036
681932,Molly,femenino,German Shepherd,61542011
111488,Molly,femenino,Siberian Husky,42624939
828201,Buddy,masculino,Labrador Retriever,34762648
520523,Bailey,femenino,French Bulldog,54365417
309084,Molly,femenino,Labrador Retriever,02387717
871431,Rocky,masculino,Siberian Husky,05793593
778025,Bella,femenino,Golden Retriever,02645110
108842,Lucy,femenino,French Bulldog,04875220
615000,Bailey,masculino,German Shepherd,15035079
836034,Rocky,masculino,Golden Retriever,35079516
021050,Lucy,masculino,French Bulldog,75705313
582973,Bella,masculino,Siberian Husky,01218185
331836,Molly,femenino,French Bulldog,79429554
451650,Buddy,femenino,German Shepherd,71154079
149178,Bailey,femenino,Siberian Husky,46932146
496358,Sadie,masculino,French Bulldog,51258087
326985,Charlie,masculino,French Bulldog,45949191
523405,Sadie,masculino,German Shepherd,91186592
161477,Sadie,femenino,Golden Retriever,13980895
342455,Rocky,femenino,Siberian Husky,50809116
383239,Bailey,masculino,German Shepherd,22607819
916099,Bailey,femenino,Golden Retriever,45608897
106042,Daisy,femenino,Labrador Retriever,33701591
170095,Bailey,masculino,French Bulldog,80051505
337498,Lucy,femenino,German Shepherd,65848524
126269,Sadie,femenino,Siberian Husky,93002439
965263,Bailey,masculino,Golden Retriever,48880120
435505,Charlie,masculino,Siberian Husky,55441029
077287,Rocky,femenino,Labrador Retriever,94457180
121521,Lucy,masculino,Siberian Husky,92612898
493543,Max,femenino,Golden Retriever,49645989
692661,Sadie,femenino,German Shepherd,92044322
975060,Bella,femenino,Siberian Husky,72585214
162973,Daisy,masculino,French Bulldog,87931118
483011,Buddy,masculino,Golden Retriever,23483423
646000,Bailey,femenino,Golden Retriever,81137441
405761,Buddy,masculino,Golden Retriever,65819933
019477,Sadie,masculino,Golden Retriever,07690135
699523,Bailey,femenino,Labrador Retriever,77816875
400591,Charlie,masculino,Siberian Husky,08719944
081841,Bella,femenino,Siberian Husky,11594816
643661,Sadie,masculino,German Shepherd,52361575
348912,Bailey,femenino,Golden Retriever,64745648
089573,Buddy,femenino,Siberian Husky,37269471
561356,Daisy,masculino,German Shepherd,72946128
050215,Lucy,femenino,French Bulldog,58765209
120644,Max,masculino,French Bulldog,72857805
950208,Buddy,masculino,Golden Retriever,39691454
245847,Daisy,masculino,French Bulldog,37183129
261699,Bella,masculino,German Shepherd,94427008
394428,Rocky,masculino,Golden Retriever,70270742
825854,Bella,masculino,French Bulldog,46391613
623272,Molly,masculino,Golden Retriever,21306289
357013,Max,masculino,Siberian Husky,91688162
051793,Bella,masculino,Golden Retriever,21488819
131958,Max,femenino,Siberian Husky,27211414
710515,Daisy,masculino,French Bulldog,89400229
398572,Buddy,masculino,French Bulldog,28970297
932152,Charlie,femenino,French Bulldog,71059917
661444,Max,femenino,Labrador Retriever,99128647
220249,Daisy,masculino,French Bulldog,28898511
296713,Bella,femenino,German Shepherd,68696274
960829,Lucy,masculino,German Shepherd,38566256
111558,Sadie,femenino,Golden Retriever,22884467
906689,Daisy,femenino,German Shepherd,66769821
566228,Bailey,femenino,Labrador Retriever,20171331
263028,Charlie,masculino,French Bulldog,92894139
636364,Molly,masculino,French Bulldog,77228474
792754,Lucy,masculino,Golden Retriever,58997198
650399,Charlie,masculino,German Shepherd,94434508
497049,Molly,femenino,Golden Retriever,11663732
703771,Rocky,masculino,Golden Retriever,86733451
603471,Bella,femenino,French Bulldog,01151230
012417,Buddy,femenino,Siberian Husky,25808568
043998,Bella,masculino,Golden Retriever,09120778
752005,Daisy,masculino,German Shepherd,48152909
244279,Lucy,femenino,Golden Retriever,01130239
153563,Bella,femenino,Labrador Retriever,18064811
632107,Bella,masculino,Siberian Husky,86911751
414436,Sadie,masculino,Golden Retriever,98164774
775271,Buddy,masculino,Siberian Husky,96671928
815801,Max,masculino,Siberian Husky,38879376
438045,Bella,masculino,Labrador Retriever,25203953
061832,Max,masculino,Siberian Husky,81741247
752766,Lucy,femenino,Labrador Retriever,31649287
709829,Rocky,femenino,German Shepherd,57154085
296460,Lucy,masculino,Siberian Husky,57106419
398975,Rocky,masculino,Siberian Husky,55911562
259353,Rocky,masculino,Siberian Husky,49532747
668041,Daisy,masculino,German Shepherd,72370759
566036,Bailey,femenino,Labrador Retriever,74863026
212192,Sadie,masculino,Golden Retriever,99219929
022883,Buddy,masculino,Golden Retriever,70702354
735152,Charlie,masculino,French Bulldog,89816220
274582,Bella,femenino,French Bulldog,57735376
052332,Daisy,femenino,Labrador Retriever,38966686
249257,Sadie,masculino,German Shepherd,53597252
617937,Bailey,femenino,German Shepherd,43890961
853848,Buddy,masculino,French Bulldog,27443038
858943,Sadie,femenino,Siberian Husky,16138538
741818,Bailey,femenino,Labrador Retriever,93354533
576136,Rocky,masculino,German Shepherd,42254939
794937,Bella,femenino,Labrador Retriever,97367136
026370,Max,femenino,Golden Retriever,85530975
507143,Molly,masculino,Golden Retriever,29438489
412220,Sadie,masculino,Golden Retriever,79110191
883194,Max,masculino,Labrador Retriever,57849998
967671,Bailey,masculino,Labrador Retriever,36513929
534041,Daisy,femenino,Siberian Husky,41038555
584111,Rocky,masculino,Golden Retriever,45652499
061606,Charlie,femenino,Siberian Husky,76519126
408746,Molly,femenino,Labrador Retriever,70133026
950305,Charlie,masculino,Siberian Husky,32993518
626740,Rocky,masculino,Siberian Husky,70581271
541175,Sadie,masculino,Labrador Retriever,37651230
449481,Molly,masculino,Golden Retriever,23665305
466799,Bailey,femenino,Labrador Retriever,10666325
653851,Bella,masculino,Siberian Husky,24344991
987673,Max,masculino,German Shepherd,18756864
360675,Buddy,femenino,German Shepherd,15374967
594660,Buddy,masculino,French Bulldog,51722677
750878,Charlie,femenino,Siberian Husky,39554506
560126,Rocky,femenino,German Shepherd,81553702
938353,Lucy,masculino,Siberian Husky,19664357
461934,Daisy,masculino,German Shepherd,14641275
504339,Bella,masculino,French Bulldog,81002736
355652,Bella,femenino,Golden Retriever,41644180
936940,Lucy,masculino,Siberian Husky,14824365
183300,Sadie,masculino,Golden Retriever,12583889
661527,Rocky,femenino,Golden Retriever,52640773
092016,Charlie,masculino,German Shepherd,87845213
598351,Lucy,femenino,French Bulldog,33404651
512364,Rocky,masculino,Golden Retriever,95917111
143733,Buddy,masculino,Golden Retriever,79114951
886513,Daisy,femenino,Golden Retriever,98882479
665399,Bailey,masculino,Labrador Retriever,28598868
007773,Charlie,femenino,Golden Retriever,88724020
968320,Rocky,femenino,German Shepherd,54835347
653209,Sadie,masculino,Golden Retriever,65581427
546223,Rocky,masculino,French Bulldog,49849865
577872,Buddy,masculino,Siberian Husky,69413475
021512,Sadie,femenino,German Shepherd,74756223
722842,Max,masculino,Siberian Husky,19620912
202120,Sadie,masculino,French Bulldog,50879568
112440,Daisy,masculino,German Shepherd,27942243
502137,Buddy,masculino,German Shepherd,72017070
538063,Rocky,masculino,Labrador Retriever,70135142
061931,Molly,masculino,Siberian Husky,61921919
138738,Bella,femenino,French Bulldog,12354978
709895,Max,femenino,German Shepherd,28527706
538368,Molly,masculino,Labrador Retriever,13872186
675748,Bella,femenino,French Bulldog,87570385
280669,Buddy,femenino,French Bulldog,49661089
166628,Bailey,femenino,French Bulldog,46850943
407099,Daisy,masculino,Siberian Husky,01155211
116428,Bella,masculino,German Shepherd,15704948
808755,Max,masculino,Siberian Husky,96909261
965167,Bailey,masculino,Golden Retriever,90620713
818054,Bailey,masculino,Golden Retriever,64957804
929379,Rocky,femenino,Siberian Husky,38874866
712922,Molly,femenino,Labrador Retriever,25485576
579325,Molly,masculino,French Bulldog,92643547
385743,Rocky,femenino,German Shepherd,72813287
484203,Bella,masculino,Golden Retriever,38939802
593909,Bailey,masculino,Golden Retriever,70837157
550591,Rocky,femenino,Golden Retriever,70812059
720364,Bailey,masculino,German Shepherd,46790435
526662,Daisy,masculino,Siberian Husky,80407170
039967,Bailey,masculino,Siberian Husky,36717467
688197,Bailey,femenino,Labrador Retriever,14054562
552558,Bella,masculino,Siberian Husky,43317578
738181,Max,femenino,German Shepherd,57954182
233017,Lucy,femenino,Siberian Husky,89518345
629759,Rocky,masculino,French Bulldog,99605546
596880,Rocky,masculino,Golden Retriever,82036927
712092,Bella,masculino,Labrador Retriever,64902531
045481,Molly,masculino,Labrador Retriever,70917736
422978,Max,masculino,Siberian Husky,10230840
321036,Bailey,masculino,Labrador Retriever,86452194
080875,Daisy,femenino,Siberian Husky,17744728
596939,Charlie,femenino,German Shepherd,29273955
595496,Bailey,masculino,Siberian Husky,46663977
071488,Lucy,femenino,German Shepherd,86133519
209093,Sadie,masculino,Labrador Retriever,52614816
968847,Lucy,masculino,Siberian Husky,29365811
227537,Buddy,masculino,Labrador Retriever,83068216
393792,Lucy,masculino,Golden Retriever,91683740
201480,Buddy,femenino,Siberian Husky,06355693
632685,Max,masculino,German Shepherd,92263387
433380,Sadie,femenino,Labrador Retriever,43091541
253136,Bella,femenino,German Shepherd,79834344
114460,Bailey,femenino,Golden Retriever,37861627
002709,Rocky,masculino,Golden Retriever,02877947
907233,Bailey,masculino,Labrador Retriever,61473365
758762,Buddy,femenino,French Bulldog,75823488
183552,Charlie,masculino,German Shepherd,20176372
851555,Max,femenino,Labrador Retriever,88022986
823377,Rocky,masculino,Golden Retriever,14622604
920798,Charlie,masculino,Golden Retriever,49095075
259320,Lucy,femenino,Labrador Retriever,16077930
446712,Max,masculino,Siberian Husky,63366228
511803,Bella,masculino,German Shepherd,86166349
330276,Molly,femenino,Labrador Retriever,65583279
164575,Sadie,femenino,French Bulldog,03316434
101378,Charlie,masculino,Siberian Husky,15427517
130540,Sadie,femenino,German Shepherd,69827972
554931,Rocky,masculino,Golden Retriever,13414634
762551,Buddy,femenino,French Bulldog,24115722
814223,Daisy,femenino,Labrador Retriever,72946814
174024,Bella,masculino,French Bulldog,80960260
463615,Max,femenino,Golden Retriever,39760680
416364,Molly,femenino,French Bulldog,89258008
740475,Rocky,femenino,Golden Retriever,33387613
734390,Charlie,masculino,Labrador Retriever,82313333
311277,Bailey,femenino,French Bulldog,08086656
387487,Charlie,femenino,Siberian Husky,87583016
418896,Sadie,masculino,German Shepherd,91801543
281407,Bailey,femenino,German Shepherd,39242409
371379,Rocky,masculino,French Bulldog,05939712
019698,Lucy,masculino,German Shepherd,86109603
304111,Bailey,femenino,German Shepherd,71216831
056517,Max,masculino,Labrador Retriever,15486560
276691,Charlie,masculino,Siberian Husky,49974329
221028,Daisy,masculino,French Bulldog,57230128
530701,Charlie,femenino,Siberian Husky,07780244
792081,Daisy,femenino,Golden Retriever,94839846
783967,Charlie,masculino,French Bulldog,54285379
718303,Daisy,femenino,German Shepherd,74817928
505239,Rocky,masculino,German Shepherd,13056616
869097,Rocky,femenino,German Shepherd,32077498
001439,Lucy,femenino,Siberian Husky,20576149
119077,Max,femenino,Golden Retriever,21074064
235106,Bailey,femenino,Labrador Retriever,46610446
662272,Charlie,masculino,German Shepherd,55739212
578801,Lucy,masculino,Golden Retriever,87054916
880994,Bella,masculino,French Bulldog,67518450
134300,Charlie,femenino,Siberian Husky,26457042
004539,Buddy,femenino,Siberian Husky,66113982
925348,Buddy,femenino,French Bulldog,82766640
420158,Rocky,masculino,German Shepherd,59824726
935276,Bella,masculino,Siberian Husky,90529374
024338,Lucy,masculino,French Bulldog,02365358
800075,Molly,masculino,Labrador Retriever,19956854
348418,Sadie,masculino,Siberian Husky,79581648
494619,Rocky,femenino,Golden Retriever,98452103
576929,Rocky,masculino,Golden Retriever,25341771
425125,Rocky,femenino,German Shepherd,37297032
006007,Lucy,femenino,Labrador Retriever,88001511
620617,Charlie,masculino,Labrador Retriever,99624110
227357,Daisy,masculino,Golden Retriever,38033634
647386,Molly,masculino,Labrador Retriever,42170585
888441,Rocky,femenino,German Shepherd,78221626
788326,Max,femenino,Golden Retriever,82522281
723919,Bailey,femenino,Golden Retriever,00512691
713161,Charlie,masculino,Golden Retriever,89778481
676627,Daisy,masculino,Siberian Husky,05422676
745657,Buddy,masculino,French Bulldog,18210165
318402,Lucy,masculino,Golden Retriever,35549120
391992,Charlie,femenino,Golden Retriever,41256981
416710,Rocky,masculino,Labrador Retriever,32600229
867591,Max,femenino,Golden Retriever,10465516
443015,Lucy,masculino,Labrador Retriever,28158898
744488,Sadie,femenino,Labrador Retriever,32223823
954572,Bella,masculino,German Shepherd,14428047
401643,Daisy,masculino,German Shepherd,89742541
492775,Daisy,femenino,Labrador Retriever,71223331
412380,Daisy,masculino,Labrador Retriever,47410665
239177,Sadie,femenino,Siberian Husky,59891129
970107,Molly,masculino,French Bulldog,06164470
468395,Daisy,masculino,Siberian Husky,15465969
908702,Buddy,femenino,Labrador Retriever,28266891
900880,Bailey,masculino,Labrador Retriever,66754595
098438,Daisy,femenino,German Shepherd,45215025
234172,Bella,masculino,German Shepherd,52906640
528987,Rocky,femenino,Golden Retriever,12364997
448260,Charlie,masculino,Labrador Retriever,54047392
811563,Molly,femenino,Siberian Husky,59460960
185992,Rocky,femenino,Siberian Husky,19957556
111008,Max,masculino,German Shepherd,93738947
777287,Charlie,masculino,Siberian Husky,62000722
428175,Max,femenino,French Bulldog,41462758
401401,Daisy,femenino,Golden Retriever,40906723
063144,Sadie,masculino,French Bulldog,70610980
711597,Charlie,masculino,Siberian Husky,00482273
917106,Bella,masculino,Labrador Retriever,63873189
515584,Max,femenino,French Bulldog,41376206
778789,Molly,masculino,Siberian Husky,97835690
809072,Sadie,femenino,Labrador Retriever,93284521
752630,Lucy,masculino,Labrador Retriever,71527774
282404,Molly,masculino,German Shepherd,42922453
320632,Molly,masculino,German Shepherd,74880440
834208,Lucy,femenino,Labrador Retriever,46215360
882425,Molly,femenino,Golden Retriever,55169634
839321,Rocky,femenino,Siberian Husky,17024982
851422,Max,masculino,Golden Retriever,02599502
552399,Molly,femenino,Siberian Husky,09374980
924079,Bailey,masculino,Siberian Husky,86024614
174385,Bella,masculino,Labrador Retriever,05904073
284887,Rocky,femenino,Siberian Husky,10690647
711119,Buddy,masculino,Labrador Retriever,50015219
790494,Max,masculino,Siberian Husky,01191419
062528,Max,femenino,Siberian Husky,33734115
857183,Max,masculino,French Bulldog,38559964
107914,Rocky,femenino,Siberian Husky,65059656
282140,Rocky,masculino,German Shepherd,60411647
275061,Molly,femenino,Golden Retriever,98742496
178215,Rocky,masculino,Golden Retriever,62494849
405104,Rocky,femenino,Siberian Husky,03513997
709016,Molly,femenino,Labrador Retriever,02606507
207852,Rocky,masculino,Siberian Husky,17135963
095830,Molly,femenino,Labrador Retriever,83280711
658477,Max,masculino,French Bulldog,80877166
926969,Lucy,femenino,French Bulldog,83161865
793055,Molly,masculino,Golden Retriever,20922394
278233,Max,masculino,French Bulldog,93578157
904979,Lucy,masculino,Golden Retriever,17137470
002104,Max,femenino,Labrador Retriever,50088083
129296,Bailey,femenino,French Bulldog,46753118
019001,Daisy,femenino,Siberian Husky,86124320
628944,Molly,masculino,Siberian Husky,38243458
216242,Sadie,femenino,Siberian Husky,72690077
749123,Rocky,masculino,Labrador Retriever,62133412
024075,Lucy,femenino,Golden Retriever,34992351
304428,Buddy,femenino,Labrador Retriever,94616275
842488,Charlie,femenino,French Bulldog,37996061
107669,Sadie,masculino,Siberian Husky,43594102
589251,Lucy,femenino,Siberian Husky,05189012
765975,Molly,masculino,Golden Retriever,83666488
108215,Sadie,masculino,German Shepherd,06298916
945709,Sadie,femenino,Siberian Husky,12893429
268544,Lucy,masculino,German Shepherd,36522595
252863,Buddy,femenino,French Bulldog,80467122
600271,Daisy,femenino,Siberian Husky,99866471
994683,Charlie,masculino,German Shepherd,00259323
453337,Rocky,masculino,Siberian Husky,85660916
823461,Charlie,masculino,Golden Retriever,32822559
877887,Bailey,masculino,German Shepherd,59581156
868281,Max,femenino,German Shepherd,46501969
729500,Buddy,masculino,French Bulldog,63345143
557155,Buddy,masculino,French Bulldog,75852802
801049,Rocky,masculino,Siberian Husky,27825906
848273,Rocky,femenino,Labrador Retriever,02401266
536782,Lucy,masculino,Labrador Retriever,04847230
562973,Rocky,masculino,Siberian Husky,67151210
438918,Bailey,femenino,Labrador Retriever,49055679
201497,Molly,femenino,German Shepherd,77877490
744109,Lucy,masculino,Golden Retriever,56572636
576688,Max,femenino,Golden Retriever,76774173
477484,Molly,masculino,Golden Retriever,54992421
634952,Molly,femenino,French Bulldog,39490836
185644,Charlie,femenino,German Shepherd,36509083
466392,Max,masculino,Labrador Retriever,68691411
162966,Max,femenino,German Shepherd,32351009
115988,Lucy,masculino,German Shepherd,38348422
126607,Rocky,masculino,French Bulldog,22160552
109996,Daisy,femenino,German Shepherd,37602347
416934,Buddy,femenino,German Shepherd,20617153
512728,Buddy,masculino,Labrador Retriever,91604762
177557,Max,femenino,Siberian Husky,07044917
145718,Charlie,femenino,French Bulldog,77170115
532550,Daisy,femenino,French Bulldog,42021037
861366,Daisy,femenino,French Bulldog,25654966
124822,Lucy,masculino,Siberian Husky,86524803
112594,Daisy,masculino,Golden Retriever,82296825
616728,Charlie,masculino,Golden Retriever,79071393
181900,Bella,masculino,Labrador Retriever,44211079
084520,Charlie,masculino,Golden Retriever,04040835
609862,Buddy,masculino,Golden Retriever,96658736
673263,Charlie,masculino,Golden Retriever,84589332
551660,Buddy,femenino,Siberian Husky,18231316
843595,Sadie,femenino,German Shepherd,61407398
992813,Molly,femenino,French Bulldog,95168118
092499,Max,masculino,German Shepherd,98440638
177837,Rocky,masculino,Siberian Husky,93927317
801505,Max,femenino,Labrador Retriever,70926485
953597,Buddy,masculino,Golden Retriever,40085772
069974,Molly,masculino,German Shepherd,11550612
781506,Rocky,femenino,German Shepherd,14612755
257486,Molly,femenino,Golden Retriever,35293196
096834,Sadie,femenino,French Bulldog,36859462
659714,Lucy,masculino,French Bulldog,66590061
337459,Sadie,femenino,Labrador Retriever,78274675
057888,Buddy,masculino,French Bulldog,86385972
923790,Charlie,masculino,Siberian Husky,27088981
044933,Lucy,femenino,German Shepherd,94522134
339018,Bella,femenino,German Shepherd,89372020
213033,Sadie,masculino,German Shepherd,69362509
281491,Lucy,masculino,French Bulldog,45612803
911585,Daisy,femenino,German Shepherd,79845455
472787,Daisy,masculino,Labrador Retriever,71804165
350920,Bella,masculino,Siberian Husky,81048025
683150,Buddy,masculino,German Shepherd,38583444
579780,Molly,femenino,Siberian Husky,58183141
910703,Max,femenino,Labrador Retriever,65001138
949004,Lucy,masculino,Labrador Retriever,99952617
346571,Buddy,masculino,Golden Retriever,67092118
423346,Bella,masculino,Golden Retriever,84833859
334344,Bailey,femenino,Golden Retriever,74833720
165365,Charlie,femenino,German Shepherd,85591480
799677,Buddy,femenino,Golden Retriever,44821148
822604,Max,masculino,Labrador Retriever,83518844
297119,Rocky,femenino,Golden Retriever,64407400
086509,Bailey,masculino,Golden Retriever,38132228
212961,Max,masculino,German Shepherd,14821727
710341,Charlie,femenino,German Shepherd,13281238
825928,Rocky,masculino,Labrador Retriever,01658744
186055,Max,femenino,Labrador Retriever,94755064
589155,Bella,masculino,German Shepherd,25921128
775057,Charlie,masculino,German Shepherd,70663850
959787,Charlie,femenino,French Bulldog,97772576
668578,Buddy,masculino,French Bulldog,29537595
795363,Molly,masculino,Golden Retriever,00827527
527360,Bailey,masculino,Golden Retriever,37216366
348515,Bella,femenino,Golden Retriever,84240078
275745,Rocky,femenino,German Shepherd,98925307
538925,Molly,femenino,Labrador Retriever,98545821
647238,Charlie,femenino,Golden Retriever,61637393
702138,Rocky,femenino,Labrador Retriever,28154747
724935,Buddy,femenino,Labrador Retriever,36349751
559035,Bella,femenino,German Shepherd,07954231
194218,Molly,femenino,French Bulldog,01702640
535806,Bailey,femenino,Golden Retriever,55527144
680220,Rocky,femenino,Labrador Retriever,41318546
089216,Sadie,masculino,Golden Retriever,47993730
495950,Charlie,masculino,French Bulldog,72341008
984946,Bailey,masculino,German Shepherd,86096773
331615,Sadie,femenino,Siberian Husky,72831264
003342,Rocky,masculino,Labrador Retriever,29626971
238496,Rocky,femenino,German Shepherd,96798741
992045,Sadie,femenino,Siberian Husky,61226506
174982,Molly,femenino,Labrador Retriever,79289492
623176,Charlie,masculino,Golden Retriever,75843521
214778,Molly,femenino,German Shepherd,86922543
570951,Lucy,masculino,Siberian Husky,90097549
795181,Sadie,femenino,German Shepherd,38695888
264472,Buddy,femenino,Golden Retriever,46256883
718906,Rocky,femenino,German Shepherd,89607869
142585,Lucy,masculino,German Shepherd,54889323
301191,Daisy,masculino,German Shepherd,92203838
808685,Max,femenino,Labrador Retriever,48323857
471427,Sadie,femenino,German Shepherd,29503121
018844,Charlie,masculino,French Bulldog,24608383
848924,Sadie,femenino,Labrador Retriever,09776074
382376,Sadie,femenino,Golden Retriever,73324622
344066,Molly,masculino,German Shepherd,43743848
387141,Lucy,femenino,Siberian Husky,41126518
937157,Lucy,masculino,Siberian Husky,77695593
488741,Rocky,masculino,Labrador Retriever,09957662
867752,Sadie,femenino,German Shepherd,79429648
505862,Sadie,femenino,Siberian Husky,08324278
043427,Lucy,femenino,French Bulldog,64185621
854446,Rocky,masculino,Labrador Retriever,90451648
471870,Buddy,masculino,French Bulldog,49439758
265949,Rocky,femenino,Labrador Retriever,64940053
164227,Bella,masculino,French Bulldog,02779752
346894,Daisy,femenino,Siberian Husky,89098956
363165,Molly,femenino,Golden Retriever,67446895
343184,Bailey,masculino,French Bulldog,40654675
903616,Molly,femenino,Labrador Retriever,41155043
517022,Max,femenino,Golden Retriever,16506145
248615,Charlie,masculino,Golden Retriever,49906255
112968,Sadie,femenino,German Shepherd,06031376
904707,Molly,masculino,Siberian Husky,60637823
451767,Bailey,femenino,Golden Retriever,11090914
103702,Daisy,masculino,Golden Retriever,38041448
966204,Bella,masculino,Golden Retriever,84857831
380805,Rocky,femenino,French Bulldog,02878137
778319,Daisy,femenino,German Shepherd,35356346
641394,Max,femenino,German Shepherd,20608590
284198,Rocky,femenino,Siberian Husky,36073673
664565,Buddy,masculino,German Shepherd,57816395
763104,Max,femenino,German Shepherd,22183837
302334,Rocky,masculino,German Shepherd,04512983
894301,Molly,femenino,Golden Retriever,37065783
255883,Bella,femenino,Siberian Husky,18817243
198447,Sadie,masculino,German Shepherd,57887882
826383,Bella,femenino,Golden Retriever,95965076
034967,Molly,masculino,German Shepherd,54118639
781233,Sadie,femenino,Siberian Husky,08394564
207230,Bailey,femenino,Labrador Retriever,87862297
710018,Charlie,masculino,German Shepherd,70246730
153946,Lucy,femenino,German Shepherd,94745887
813146,Lucy,masculino,German Shepherd,58708443
349756,Charlie,femenino,Siberian Husky,97407244
938035,Bailey,femenino,Labrador Retriever,36483819
245060,Buddy,femenino,German Shepherd,47464122
253555,Bailey,masculino,Labrador Retriever,74073119
314561,Rocky,femenino,Siberian Husky,61496727
885326,Sadie,femenino,Siberian Husky,81034338
969389,Daisy,femenino,French Bulldog,59405047
972397,Rocky,femenino,French Bulldog,44640245
541422,Bailey,femenino,Golden Retriever,15578862
632232,Charlie,femenino,German Shepherd,63455959
093223,Sadie,masculino,Golden Retriever,79831459
275039,Buddy,masculino,German Shepherd,75002574
906497,Bella,femenino,Labrador Retriever,97558282
865693,Bella,masculino,Labrador Retriever,28815388
327517,Rocky,femenino,Golden Retriever,13305253
300012,Daisy,masculino,Siberian Husky,59096780
378930,Rocky,masculino,Siberian Husky,70484755
628079,Bailey,femenino,Golden Retriever,51774708
407484,Max,masculino,Golden Retriever,96016060
053626,Rocky,masculino,Golden Retriever,69397871
550910,Bella,femenino,Siberian Husky,85430837
876590,Daisy,masculino,French Bulldog,82813574
816677,Sadie,femenino,French Bulldog,36978662
753966,Buddy,masculino,Labrador Retriever,40706289
674186,Daisy,masculino,Golden Retriever,90118506
994377,Max,masculino,Siberian Husky,33464568
036187,Daisy,masculino,Siberian Husky,31487075
604325,Buddy,masculino,French Bulldog,54663351
183832,Sadie,masculino,German Shepherd,39336543
496013,Charlie,masculino,French Bulldog,25090209
205984,Daisy,masculino,Siberian Husky,58961888
709392,Lucy,femenino,French Bulldog,38886860
151022,Rocky,femenino,Golden Retriever,70549904
147557,Molly,masculino,German Shepherd,37016630
495358,Lucy,femenino,Labrador Retriever,33763436
243272,Lucy,masculino,Golden Retriever,51174805
370572,Buddy,femenino,French Bulldog,88153008
915772,Buddy,masculino,German Shepherd,34568939
990722,Sadie,femenino,Siberian Husky,69466995
002335,Rocky,femenino,Siberian Husky,99133296
402736,Buddy,masculino,Golden Retriever,29975323
963349,Molly,masculino,Siberian Husky,35410249
540296,Bella,masculino,Siberian Husky,74808351
539900,Lucy,femenino,French Bulldog,47023247
483633,Molly,femenino,French Bulldog,29102941
708656,Molly,femenino,Labrador Retriever,21725833
325892,Rocky,femenino,French Bulldog,08872537
703457,Bailey,masculino,Labrador Retriever,60587364
106579,Molly,masculino,French Bulldog,76035887
308506,Charlie,femenino,German Shepherd,20090733
298204,Daisy,femenino,German Shepherd,94455081
994044,Molly,femenino,Golden Retriever,06292229
693995,Lucy,masculino,German Shepherd,38839476
626991,Charlie,femenino,French Bulldog,55781228
724707,Sadie,masculino,Siberian Husky,72937012
352090,Charlie,femenino,French Bulldog,97422553
270978,Lucy,femenino,Siberian Husky,05369833
859454,Lucy,femenino,French Bulldog,05042057
367340,Lucy,femenino,Golden Retriever,08646449
846569,Max,masculino,German Shepherd,64348085
120765,Charlie,femenino,German Shepherd,90592586
390973,Molly,masculino,German Shepherd,08232613
810375,Lucy,femenino,French Bulldog,86750237
121738,Bella,masculino,Siberian Husky,52024536
453774,Max,femenino,French Bulldog,01495572
713846,Lucy,masculino,German Shepherd,49235913
966213,Max,femenino,German Shepherd,94589690
890299,Charlie,femenino,Golden Retriever,41406742
735225,Buddy,masculino,Siberian Husky,15668740
208033,Buddy,masculino,German Shepherd,95909798
961966,Max,masculino,Labrador Retriever,51657383
031103,Buddy,masculino,Labrador Retriever,08797105
351188,Bella,femenino,French Bulldog,26081988
340711,Rocky,masculino,French Bulldog,57875118
582001,Daisy,masculino,German Shepherd,61809270
741574,Sadie,masculino,Siberian Husky,86610318
019855,Bailey,masculino,Golden Retriever,64975395
072002,Bailey,femenino,German Shepherd,67380043
444755,Charlie,femenino,Siberian Husky,48656766
839427,Rocky,femenino,Siberian Husky,24757485
403720,Lucy,femenino,Siberian Husky,43294305
473752,Molly,femenino,German Shepherd,82637162
455312,Lucy,femenino,Golden Retriever,44041169
705284,Rocky,masculino,French Bulldog,43695016
251373,Charlie,masculino,Siberian Husky,96473030
723193,Sadie,masculino,Siberian Husky,74866783
515193,Daisy,femenino,French Bulldog,14323590
920893,Molly,masculino,Labrador Retriever,36729484
278477,Charlie,femenino,German Shepherd,47092404
258515,Daisy,femenino,Siberian Husky,52653559
095343,Charlie,masculino,Labrador Retriever,09845792
323411,Max,masculino,German Shepherd,26570262
883991,Buddy,femenino,German Shepherd,71225740
963565,Daisy,femenino,Siberian Husky,52344484
169769,Charlie,masculino,Siberian Husky,61512692
727612,Lucy,femenino,German Shepherd,04351416
718074,Rocky,femenino,Golden Retriever,76261539
019319,Bella,femenino,Labrador Retriever,07474548
427388,Daisy,femenino,German Shepherd,23500113
595969,Bailey,femenino,Labrador Retriever,83712548
726487,Bella,femenino,German Shepherd,65018389
173535,Bella,femenino,Labrador Retriever,27413832
475493,Rocky,femenino,French Bulldog,97120079
474025,Max,femenino,Siberian Husky,58121323
846522,Lucy,femenino,Siberian Husky,92195176
743238,Max,masculino,Labrador Retriever,23813211
718339,Max,masculino,Siberian Husky,61669252
809474,Buddy,masculino,French Bulldog,65826627
513454,Bella,masculino,Labrador Retriever,78459624
928204,Molly,masculino,Golden Retriever,84533871
403994,Daisy,femenino,French Bulldog,11343239
791236,Max,femenino,Siberian Husky,72684688
469757,Bailey,masculino,Golden Retriever,97306955
645521,Lucy,femenino,Labrador Retriever,94712436
943620,Charlie,femenino,Siberian Husky,28435263
646598,Daisy,masculino,Siberian Husky,90786871
846866,Lucy,masculino,Siberian Husky,56534195
145381,Bella,masculino,German Shepherd,24840734
798928,Charlie,masculino,Golden Retriever,46189104
567130,Sadie,femenino,French Bulldog,01553233
349196,Rocky,masculino,Labrador Retriever,53173433
012838,Buddy,masculino,Labrador Retriever,81466311
384077,Daisy,femenino,Labrador Retriever,84690196
608139,Max,femenino,Golden Retriever,38073366
976893,Molly,masculino,German Shepherd,34308124
228769,Charlie,masculino,Siberian Husky,71941193
488769,Buddy,femenino,French Bulldog,22713379
143999,Bella,masculino,German Shepherd,59621352
872750,Sadie,femenino,Siberian Husky,51631549
760236,Rocky,femenino,Labrador Retriever,96151196
038065,Max,femenino,French Bulldog,88046846
463847,Daisy,femenino,German Shepherd,60703626
927463,Molly,masculino,Golden Retriever,35342851
282062,Buddy,masculino,Labrador Retriever,83886970
994186,Daisy,femenino,Labrador Retriever,97994999
996751,Sadie,femenino,Siberian Husky,53265365
973213,Bella,femenino,Siberian Husky,29972187
754326,Lucy,masculino,French Bulldog,69287527
982922,Rocky,masculino,Siberian Husky,71895752
165027,Molly,masculino,Golden Retriever,98869598
125160,Bailey,masculino,French Bulldog,04522060
403123,Buddy,masculino,German Shepherd,98346921
706519,Charlie,femenino,Labrador Retriever,26222855
578249,Daisy,femenino,Labrador Retriever,41176382
000380,Daisy,femenino,Golden Retriever,67457540
590004,Bailey,masculino,Siberian Husky,56450983
108974,Sadie,masculino,Siberian Husky,03482833
303724,Lucy,femenino,Siberian Husky,61316801
311481,Lucy,femenino,Golden Retriever,95784596
902185,Buddy,masculino,Siberian Husky,80794300
350716,Buddy,femenino,Siberian Husky,33122888
556478,Sadie,femenino,Labrador Retriever,85236440
127157,Daisy,masculino,Siberian Husky,43551819
262957,Charlie,masculino,German Shepherd,69140792
051925,Buddy,femenino,German Shepherd,70403396
447323,Bailey,masculino,Siberian Husky,90339283
730908,Bella,masculino,Labrador Retriever,47466260
281061,Bella,masculino,German Shepherd,93640674
204328,Lucy,masculino,Golden Retriever,43063713
823836,Charlie,masculino,German Shepherd,75957701
707944,Molly,femenino,Labrador Retriever,37221119
235160,Rocky,masculino,Golden Retriever,63452414
082134,Rocky,masculino,Golden Retriever,72254553
227480,Sadie,masculino,German Shepherd,46756794
888256,Lucy,femenino,French Bulldog,49500730
724226,Bella,femenino,Labrador Retriever,33411855
170887,Sadie,femenino,Siberian Husky,99761504
579382,Lucy,masculino,Golden Retriever,06128291
315869,Daisy,masculino,Siberian Husky,00152714
028261,Bailey,masculino,German Shepherd,35286567
766610,Daisy,femenino,German Shepherd,77560839
329746,Daisy,femenino,Siberian Husky,64475711
423998,Bella,femenino,French Bulldog,97102706
584055,Bailey,femenino,German Shepherd,93464279
193217,Molly,femenino,Siberian Husky,20049617
650994,Molly,femenino,Labrador Retriever,87674240
174455,Bella,masculino,Labrador Retriever,74798730
585400,Buddy,femenino,German Shepherd,21981554
849801,Bailey,masculino,French Bulldog,40946354
398990,Daisy,masculino,Golden Retriever,34600191
933895,Buddy,femenino,French Bulldog,46775672
251978,Charlie,masculino,Golden Retriever,39407281
258396,Bailey,masculino,French Bulldog,14430386
611128,Daisy,femenino,German Shepherd,15865834
715949,Lucy,masculino,Golden Retriever,97642124
032736,Buddy,femenino,French Bulldog,57060182
646551,Molly,femenino,French Bulldog,97140860
376070,Lucy,masculino,Labrador Retriever,78938281
400282,Bella,femenino,Golden Retriever,71182235
806380,Molly,masculino,Siberian Husky,89993109
646474,Molly,femenino,Golden Retriever,80284964
403480,Buddy,femenino,German Shepherd,10065150
481667,Max,femenino,Siberian Husky,32604831
698861,Bella,femenino,French Bulldog,86426426
918514,Sadie,masculino,Siberian Husky,75140815
912436,Sadie,masculino,Siberian Husky,16238524
938157,Molly,masculino,Golden Retriever,43103355
235312,Rocky,femenino,Golden Retriever,43609024
190224,Rocky,femenino,Siberian Husky,05085880
056523,Max,femenino,Golden Retriever,36275787
036036,Sadie,femenino,French Bulldog,78044666
687120,Charlie,femenino,French Bulldog,95049032
626901,Rocky,femenino,Siberian Husky,20126430
173743,Charlie,masculino,Golden Retriever,09439809
918891,Molly,masculino,German Shepherd,67281222
310265,Bella,masculino,Golden Retriever,06307747
880755,Lucy,femenino,French Bulldog,97875076
765071,Lucy,masculino,German Shepherd,65548580
573331,Molly,masculino,Labrador Retriever,84894585
537045,Max,femenino,Labrador Retriever,12026233
153690,Molly,masculino,French Bulldog,31524565
725112,Rocky,femenino,Siberian Husky,52645141
150995,Buddy,femenino,German Shepherd,65101318
610088,Max,femenino,German Shepherd,05411233
181580,Bailey,femenino,Siberian Husky,06479990
411976,Lucy,masculino,German Shepherd,93528332
939702,Molly,masculino,French Bulldog,91288422
084743,Daisy,femenino,German Shepherd,92101490
263944,Molly,femenino,Siberian Husky,08464512
627737,Bailey,masculino,German Shepherd,02675901
808065,Daisy,femenino,Golden Retriever,42913151
570043,Daisy,femenino,Siberian Husky,98328128
331314,Bella,femenino,Siberian Husky,45933290
153223,Rocky,masculino,Siberian Husky,01807767
868755,Daisy,masculino,Golden Retriever,28579472
958395,Buddy,femenino,Siberian Husky,07133662
401601,Lucy,femenino,French Bulldog,27772924
637034,Bella,femenino,German Shepherd,48205947
270215,Charlie,femenino,Labrador Retriever,85055343
352249,Daisy,femenino,Siberian Husky,71529440
309224,Buddy,masculino,Siberian Husky,19567246
423917,Sadie,masculino,Golden Retriever,65229045
500471,Rocky,masculino,Siberian Husky,82984260
889278,Daisy,femenino,French Bulldog,65148946
517621,Daisy,masculino,Siberian Husky,41860047
864875,Daisy,masculino,Siberian Husky,66490844
797359,Bella,masculino,Labrador Retriever,32090318
272995,Daisy,femenino,Siberian Husky,77174991
253404,Charlie,femenino,French Bulldog,87962070
944095,Bella,masculino,German Shepherd,50541766
015769,Rocky,masculino,Siberian Husky,14971051
159247,Daisy,masculino,Siberian Husky,36398755
552121,Molly,femenino,French Bulldog,06183244
852615,Charlie,masculino,German Shepherd,93741859
756526,Bailey,femenino,Golden Retriever,20535532
508032,Max,masculino,German Shepherd,62323613
664913,Sadie,masculino,French Bulldog,32958839
861601,Sadie,femenino,Labrador Retriever,93030031
358217,Bailey,femenino,Golden Retriever,65032009
720695,Bella,masculino,Labrador Retriever,05834265
260852,Rocky,femenino,German Shepherd,22286729
017043,Molly,masculino,French Bulldog,83400933
528657,Max,masculino,Golden Retriever,38685237
082376,Daisy,masculino,Siberian Husky,38756453
773022,Molly,masculino,Golden Retriever,60535266
916153,Max,masculino,Golden Retriever,24385355
003755,Buddy,femenino,German Shepherd,28184591
943700,Buddy,femenino,Golden Retriever,11217182
888887,Lucy,femenino,Siberian Husky,81755386
038272,Max,masculino,French Bulldog,99738431
216917,Bella,femenino,Labrador Retriever,65948298
013470,Daisy,masculino,French Bulldog,28393742
308124,Bailey,femenino,Golden Retriever,50033031
087579,Buddy,femenino,French Bulldog,47169710
844428,Rocky,femenino,French Bulldog,70292275
259565,Lucy,femenino,German Shepherd,74404207
490642,Molly,femenino,Labrador Retriever,89360951
969728,Sadie,masculino,Golden Retriever,46606381
578487,Max,femenino,Siberian Husky,76016907
